,pdbid,mdid,cid,clust_center_auc,mean_clust_auc,clust_size,mean_auc,mean_int_p,std_int_p,max_int_p,r_int
0,1JTG,uR,0,0.7927631578947368,0.7930568609022557,4,0.8835377475062157,0.65555084,0.16970617,0.9719872,14.50733544282101
1,1JTG,uR,1,0.8070958646616542,0.7818139097744361,5,0.8835377475062157,0.5317385,0.16540362,0.84480095,11.727018077176247
2,1JTG,uR,2,0.9085996240601504,0.8849859022556391,6,0.8835377475062157,0.70307475,0.2100618,0.9899889,13.028385442846442
3,1JTG,uR,3,0.8773496240601504,0.8978629223921873,348,0.8835377475062157,0.6834987,0.2163443,0.9940041,15.259624482140211
4,1JTG,uL,0,0.5451127819548872,0.5451127819548872,1,0.7591850642542612,0.5368587,0.16812159,0.85067636,10.396871691886817
5,1JTG,uL,1,0.9172932330827067,0.9172932330827067,1,0.7591850642542612,0.41885817,0.12316663,0.7738553,9.3696693600804
6,1JTG,uL,2,0.5943609022556391,0.5943609022556391,1,0.7591850642542612,0.48486328,0.13608883,0.7449006,7.141805880288788
7,1JTG,uL,3,0.5827067669172932,0.5827067669172932,1,0.7591850642542612,0.66385454,0.19668481,0.91602683,9.411378530434972
8,1JTG,uL,4,0.9424812030075187,0.9424812030075187,1,0.7591850642542612,0.48222017,0.15293497,0.7629993,9.772165752585435
9,1JTG,uL,5,0.8675438596491227,0.8675438596491227,1,0.7591850642542612,0.3658157,0.0731124,0.5034203,8.253222483006322
10,1JTG,uL,6,0.7005012531328321,0.7005012531328321,1,0.7591850642542612,0.42564085,0.12684092,0.66752666,7.373910100837969
11,1JTG,uL,7,0.7036340852130325,0.7036340852130325,1,0.7591850642542612,0.42303386,0.08664219,0.61003256,5.942095343389052
12,1JTG,uL,8,0.9010025062656641,0.9010025062656641,1,0.7591850642542612,0.41445464,0.14751647,0.72864616,8.898473437368654
13,1JTG,uL,9,0.5781954887218045,0.5781954887218045,1,0.7591850642542612,0.41391563,0.14167504,0.7287845,6.1579479688302206
14,1JTG,uL,10,0.8780701754385964,0.8780701754385964,1,0.7591850642542612,0.4860009,0.12787722,0.73117125,7.960189953206945
15,1JTG,uL,11,0.8823308270676692,0.8823308270676692,1,0.7591850642542612,0.45460597,0.09700382,0.5869058,8.138814352812672
16,1JTG,uL,12,0.9463659147869674,0.9463659147869674,1,0.7591850642542612,0.49723157,0.123023815,0.7606809,9.954249102467795
17,1JTG,uL,13,0.8715538847117795,0.8715538847117795,1,0.7591850642542612,0.42932904,0.09995978,0.66647863,10.397987486599114
18,1JTG,uL,14,0.6235588972431079,0.6235588972431079,1,0.7591850642542612,0.50731105,0.13413781,0.7671029,8.716715240049698
19,1JTG,uL,15,0.8824561403508773,0.8824561403508773,1,0.7591850642542612,0.40140656,0.101285756,0.66347283,9.863949713622786
20,1JTG,uL,16,0.8854636591478697,0.8854636591478697,1,0.7591850642542612,0.4938265,0.08097348,0.6258604,8.770613090106917
21,1JTG,uL,17,0.5048872180451128,0.5048872180451128,1,0.7591850642542612,0.4703609,0.13444003,0.6887041,7.115636805383406
22,1JTG,uL,18,0.7959899749373434,0.7959899749373434,1,0.7591850642542612,0.3631823,0.07154842,0.5352426,9.199467214508447
23,1JTG,uL,19,0.887719298245614,0.887719298245614,1,0.7591850642542612,0.52675015,0.11408058,0.71661067,8.480507599521452
24,1JTG,uL,20,0.6303258145363408,0.6303258145363408,1,0.7591850642542612,0.55785376,0.18544197,0.8873551,10.888603353961694
25,1JTG,uL,21,0.6350877192982456,0.6350877192982456,1,0.7591850642542612,0.51659197,0.17439485,0.8705061,7.457251484280711
26,1JTG,uL,22,0.5477443609022556,0.5477443609022556,1,0.7591850642542612,0.44516087,0.10696586,0.66939414,6.786454489853101
27,1JTG,uL,23,0.7152882205513784,0.7152882205513784,1,0.7591850642542612,0.543989,0.06810219,0.6231957,4.191018824381647
28,1JTG,uL,24,0.6582706766917292,0.6582706766917292,1,0.7591850642542612,0.45261458,0.122217275,0.759647,8.63327162667229
29,1JTG,uL,25,0.5993734335839599,0.5993734335839599,1,0.7591850642542612,0.65772635,0.18480487,0.927711,9.410770958657038
30,1JTG,uL,26,0.5568922305764411,0.5568922305764411,1,0.7591850642542612,0.46017963,0.098124,0.6198717,6.23359093966557
31,1JTG,uL,27,0.906265664160401,0.906265664160401,1,0.7591850642542612,0.40841463,0.07930728,0.5104755,9.87885522871033
32,1JTG,uL,28,0.9077694235588972,0.9077694235588972,1,0.7591850642542612,0.48791233,0.13467585,0.7580919,9.27622837270384
33,1CLV,uR,0,0.9248774109186009,0.9248774109186009,2,0.9022541215539901,0.50626886,0.08830986,0.66254497,9.824421637110097
34,1CLV,uR,1,0.9712324288983328,0.8815626021575678,8,0.9022541215539901,0.44835293,0.118852705,0.73054904,10.270499094332765
35,1CLV,uR,2,0.9671134357633213,0.8864727034978751,5,0.9022541215539901,0.4923629,0.12895405,0.75752926,8.571832622853325
36,1CLV,uR,3,0.9457992808107225,0.9467146126185028,3,0.9022541215539901,0.44418922,0.11985755,0.6827437,9.634255886521336
37,1CLV,uR,4,0.9301078783916312,0.9334423014056881,4,0.9022541215539901,0.6171145,0.21507092,0.93966854,11.878185576117756
38,1CLV,uR,5,0.8570774762994442,0.8858287021902582,4,0.9022541215539901,0.40479752,0.08718254,0.5798004,5.933701701333206
39,1CLV,uR,6,0.8566851912389669,0.9084948395834306,7,0.9022541215539901,0.4789714,0.10857311,0.7074461,11.11398381216368
40,1CLV,uR,7,0.9484145145472377,0.8882069303694018,16,0.9022541215539901,0.3737942,0.06530909,0.5630269,10.59149272775613
41,1CLV,uR,8,0.9355998692383132,0.9527623406341943,4,0.9022541215539901,0.63902706,0.1973819,0.9541375,12.905698535292897
42,1CLV,uR,9,0.8674730304020922,0.9160391096317869,11,0.9022541215539901,0.49958876,0.13009317,0.7362929,8.335956761870497
43,1CLV,uR,10,0.9750245178162797,0.9440470742072573,5,0.9022541215539901,0.5994671,0.109305985,0.75588214,7.668599584149975
44,1CLV,uR,11,0.8162144491663943,0.9041516835567179,5,0.9022541215539901,0.5291009,0.1227395,0.73277336,8.426298279343683
45,1CLV,uR,12,0.8700882641386074,0.8964498202026807,5,0.9022541215539901,0.49486116,0.12991697,0.7330527,10.359765839231095
46,1CLV,uR,13,0.9551487414187643,0.915187969924812,10,0.9022541215539901,0.54118764,0.18413696,0.8202191,10.960674277118468
47,1CLV,uR,14,0.9689440993788819,0.9179760996694635,9,0.9022541215539901,0.5196144,0.16582412,0.80096656,10.413229846837085
48,1CLV,uR,15,0.9070938215102975,0.9309251389342923,16,0.9022541215539901,0.5342592,0.12998408,0.71177036,10.723421758913336
49,1CLV,uL,0,0.39166666666666666,0.3520833333333333,4,0.69109395750332,0.44105998,0.09664285,0.6376555,6.585549566306378
50,1CLV,uL,1,0.8999999999999999,0.8983333333333332,5,0.69109395750332,0.46387193,0.078252584,0.57131475,6.526503207519818
51,1CLV,uL,2,0.825,0.8069444444444445,6,0.69109395750332,0.41296396,0.09997234,0.66091746,7.522272998163729
52,1CLV,uL,3,0.4083333333333333,0.7374999999999999,6,0.69109395750332,0.44645768,0.091524035,0.62563986,7.989015410071955
53,1CLV,uL,4,0.9208333333333333,0.8333333333333334,4,0.69109395750332,0.42731252,0.078386575,0.5903678,6.513143748604766
54,1CLV,uL,5,0.3666666666666667,0.3770833333333333,2,0.69109395750332,0.39719823,0.050342098,0.500311,5.528150750968153
55,1CLV,uL,6,0.5875,0.5895833333333333,2,0.69109395750332,0.380056,0.06847222,0.5029046,6.480379682035975
56,1CLV,uL,7,0.825,0.7791666666666667,6,0.69109395750332,0.46145487,0.10194614,0.6296098,7.27778960507205
57,1CLV,uL,8,0.9083333333333333,0.8472222222222222,3,0.69109395750332,0.7549819,0.20987347,0.9807839,7.477998369900386
58,1CLV,uL,9,0.675,0.7729166666666667,2,0.69109395750332,0.43707028,0.073163025,0.59006155,6.25559933776218
59,1CLV,uL,10,0.6666666666666666,0.6666666666666666,2,0.69109395750332,0.45262384,0.10767527,0.61780053,6.219537036259468
60,1CLV,uL,11,0.6375,0.8425925925925926,9,0.69109395750332,0.4573322,0.09712128,0.5976326,6.119270769684849
61,1CLV,uL,12,0.875,0.8744047619047619,7,0.69109395750332,0.40729466,0.07516157,0.5017438,5.084293764425404
62,1CLV,uL,13,0.725,0.6340277777777777,6,0.69109395750332,0.41151473,0.066135794,0.5188096,5.9332617002354056
63,1CLV,uL,14,0.7791666666666667,0.6881410256410256,13,0.69109395750332,0.37179574,0.07547471,0.5444191,7.157863609790975
64,1CLV,uL,15,0.5916666666666667,0.6366666666666667,5,0.69109395750332,0.48881352,0.06241142,0.5772246,5.90371099671187
65,1CLV,uL,16,0.6833333333333333,0.7821969696969696,11,0.69109395750332,0.4999975,0.13420302,0.7699404,6.905050086272688
66,1CLV,uL,17,0.7208333333333333,0.7102272727272727,11,0.69109395750332,0.5215365,0.12871185,0.7474838,6.402280882906414
67,1CLV,uL,18,0.7708333333333334,0.8497807017543859,19,0.69109395750332,0.39329374,0.08650528,0.57337713,7.747744825581907
68,1CLV,uL,19,0.5583333333333333,0.6772435897435899,13,0.69109395750332,0.43965358,0.079111464,0.549501,6.101006689661339
69,1CLV,uL,20,0.8458333333333333,0.75625,12,0.69109395750332,0.3747719,0.10618732,0.5575526,5.384400336985924
70,1CLV,uL,21,0.9208333333333333,0.8816256830601092,61,0.69109395750332,0.5950357,0.16898012,0.8565452,7.105626302729952
71,1CLV,uL,22,0.6125,0.4700000000000001,35,0.69109395750332,0.71706426,0.1621531,0.8949664,6.326996407589957
72,1CLV,uL,23,0.675,0.6409722222222222,12,0.69109395750332,0.64418346,0.15145747,0.8189156,6.61174960238016
73,1CLV,uL,24,0.4916666666666667,0.5325980392156863,34,0.69109395750332,0.69651985,0.19679019,0.8994149,6.633838869964333
74,1CLV,uL,25,0.7166666666666667,0.6308114035087719,38,0.69109395750332,0.6618307,0.20143862,0.89625835,7.493860595224686
75,1Z0K,uR,0,0.7790834312573442,0.7125073443008225,8,0.8444269338626691,0.728461,0.22697313,0.9719928,13.940271924333164
76,1Z0K,uR,1,0.7191539365452408,0.7486290638464551,6,0.8444269338626691,0.53976184,0.16155668,0.8345198,11.631233783470236
77,1Z0K,uR,2,0.6448296122209165,0.6488934586760674,6,0.8444269338626691,0.53644675,0.13545041,0.7952807,14.223144263895128
78,1Z0K,uR,3,0.6371915393654524,0.6645123384253818,3,0.8444269338626691,0.404245,0.08248788,0.5846912,11.692263018132126
79,1Z0K,uR,4,0.818448883666275,0.8144339992166079,6,0.8444269338626691,0.37007996,0.056979347,0.5013052,14.16107536845314
80,1Z0K,uR,5,0.7170975323149237,0.7149432040736389,3,0.8444269338626691,0.5704118,0.19863592,0.8620036,12.239509063335307
81,1Z0K,uR,6,0.6850763807285546,0.6009106933019976,4,0.8444269338626691,0.60673875,0.176827,0.8776558,10.602370710490305
82,1Z0K,uR,7,0.9691539365452408,0.9674402663533098,6,0.8444269338626691,0.62824607,0.17814896,0.8981235,13.73319243148165
83,1Z0K,uR,8,0.9814923619271445,0.9442812377594988,6,0.8444269338626691,0.45336616,0.11800111,0.6571012,10.138914120343202
84,1Z0K,uR,9,0.9700352526439484,0.922777124951038,15,0.8444269338626691,0.5528529,0.18082933,0.8506282,11.855690581384978
85,1Z0K,uR,10,0.8760282021151586,0.916864328096212,81,0.8444269338626691,0.6651807,0.18669125,0.9116227,13.047793606596777
86,1Z0K,uR,11,0.7993537015276145,0.8441159990972833,151,0.8444269338626691,0.76486087,0.21593407,0.9899969,13.295632655983463
87,1Z0K,uL,0,0.5778032036613273,0.6002288329519451,5,0.780546008186932,0.43737528,0.09844414,0.6093756,11.9869135580461
88,1Z0K,uL,1,0.6304347826086957,0.6885011441647598,4,0.780546008186932,0.5575101,0.19989114,0.94185245,9.0164268095515
89,1Z0K,uL,2,0.782608695652174,0.7686880244088483,6,0.780546008186932,0.49876946,0.17892301,0.85872775,12.513990276826185
90,1Z0K,uL,3,0.5057208237986269,0.6100686498855835,5,0.780546008186932,0.6541191,0.18131787,0.94599855,14.212985336927359
91,1Z0K,uL,4,0.5594965675057207,0.7428489702517163,4,0.780546008186932,0.58090293,0.18513192,0.94142723,12.3240653854569
92,1Z0K,uL,5,0.8890160183066361,0.8101509638970744,278,0.780546008186932,0.64818096,0.20936492,0.9636881,11.014566447778655
93,1AK4,uR,0,0.9051724137931034,0.9078160919540229,3,0.879214521225443,0.58541924,0.15891486,0.89616376,9.311070759094067
94,1AK4,uR,1,0.9620689655172414,0.9528735632183908,3,0.879214521225443,0.3760343,0.07165891,0.5831279,9.606166246001973
95,1AK4,uR,2,0.9917241379310344,0.9873563218390804,6,0.879214521225443,0.46492106,0.11450249,0.6624729,9.15681254315266
96,1AK4,uR,3,0.9762068965517241,0.9635344827586205,4,0.879214521225443,0.39313206,0.086305775,0.59629923,6.62674305383391
97,1AK4,uR,4,0.9544827586206897,0.9677586206896551,8,0.879214521225443,0.44276258,0.057617206,0.5711174,6.1630465387546565
98,1AK4,uR,5,0.9710344827586207,0.9539655172413792,2,0.879214521225443,0.58500475,0.13939598,0.774515,8.738157062094206
99,1AK4,uR,6,0.9879310344827587,0.9863793103448275,2,0.879214521225443,0.43661493,0.07966758,0.56480575,9.085326464561552
100,1AK4,uR,7,0.9782758620689656,0.9624137931034482,5,0.879214521225443,0.42473602,0.09436481,0.5699902,6.6591280518762614
101,1AK4,uR,8,0.983103448275862,0.9764532019704433,7,0.879214521225443,0.5420223,0.12138399,0.76673716,9.031483624587532
102,1AK4,uR,9,0.876551724137931,0.7846206896551724,5,0.879214521225443,0.47989076,0.108378425,0.70129305,13.185903703897516
103,1AK4,uR,10,0.9572413793103448,0.9537931034482758,7,0.879214521225443,0.5012311,0.13745517,0.7640422,7.953410679613003
104,1AK4,uR,11,0.9793103448275863,0.9625287356321839,6,0.879214521225443,0.6262973,0.19671552,0.8927951,9.013159582047251
105,1AK4,uR,12,0.9724137931034482,0.9583743842364532,7,0.879214521225443,0.36506638,0.06781157,0.52611136,7.909545661602526
106,1AK4,uR,13,0.9586206896551723,0.9651724137931035,9,0.879214521225443,0.5610936,0.19639586,0.9126859,9.42701666284404
107,1AK4,uR,14,0.9786206896551723,0.966551724137931,15,0.879214521225443,0.5496115,0.13697273,0.7557051,9.042261251552393
108,1AK4,uR,15,0.9903448275862068,0.979206896551724,10,0.879214521225443,0.5576123,0.16001257,0.90859187,9.112722329171012
109,1AK4,uL,0,0.8889705882352942,0.8715073529411765,4,0.6500102531052262,0.4239346,0.079459205,0.579536,17.839458836503162
110,1AK4,uL,1,0.9544117647058824,0.9276470588235295,5,0.6500102531052262,0.479676,0.12738591,0.7442869,9.807538284585423
111,1AK4,uL,2,0.8889705882352942,0.8976890756302521,14,0.6500102531052262,0.6561063,0.21425895,0.95506096,11.41391954221162
112,1AK4,uL,3,0.7860294117647059,0.8626633986928105,9,0.6500102531052262,0.5826963,0.19922864,0.9494771,15.849224219657476
113,1AK4,uL,4,0.85,0.8526069518716576,22,0.6500102531052262,0.6545094,0.2367513,0.9285533,16.036648837626586
114,1AK4,uL,5,0.3625,0.5824406368051808,218,0.6500102531052262,0.6892512,0.1826044,0.9851267,14.483247969285575
115,1AK4,uL,6,0.5786764705882353,0.6275000000000001,20,0.6500102531052262,0.5038957,0.13262053,0.76594275,14.48850863960923
116,1AK4,uL,7,0.2963235294117647,0.5264037433155081,22,0.6500102531052262,0.5022021,0.14159371,0.7893035,15.0807978190928
117,1R6Q,uR,0,0.7891246684350133,0.8332228116710875,9,0.7957612520739323,0.62810457,0.16785367,0.90928984,15.118996692128533
118,1R6Q,uR,1,0.9187665782493368,0.9184350132625994,4,0.7957612520739323,0.6418773,0.21383911,0.9075616,12.95414248274553
119,1R6Q,uR,2,0.9307029177718833,0.9183023872679044,10,0.7957612520739323,0.5772754,0.19969833,0.9093105,11.9580479149504
120,1R6Q,uR,3,0.7078912466843501,0.7304376657824934,6,0.7957612520739323,0.59217113,0.17607939,0.87864166,15.09868450203445
121,1R6Q,uR,4,0.8192970822281167,0.7673076923076924,5,0.7957612520739323,0.59191495,0.17498365,0.9340804,13.643380188694863
122,1R6Q,uR,5,0.8096816976127321,0.7908722482217979,314,0.7957612520739323,0.731172,0.23515132,0.978289,12.522346688455997
123,1R6Q,uL,0,0.3895522388059702,0.4446828358208955,8,0.42035385204156733,0.50144565,0.12145511,0.75601196,9.149637145467937
124,1R6Q,uL,1,0.2447761194029851,0.23320895522388063,2,0.42035385204156733,0.64864373,0.16843204,0.93267244,10.747598380957399
125,1R6Q,uL,2,0.5664179104477611,0.5694029850746268,6,0.42035385204156733,0.5290549,0.13909306,0.803802,14.526947803716869
126,1R6Q,uL,3,0.5694029850746268,0.6116500829187397,18,0.42035385204156733,0.6864928,0.20835061,0.9704499,12.41384782700294
127,1R6Q,uL,4,0.40746268656716417,0.38955437711157687,349,0.42035385204156733,0.6695519,0.14829598,0.8749246,11.331922107521619
128,1D6R,uR,0,0.6525043177892919,0.567573402417962,4,0.7960032065176256,0.4748268,0.11169949,0.8024361,14.117290435870645
129,1D6R,uR,1,0.7891191709844558,0.8506044905008636,3,0.7960032065176256,0.4261092,0.121418,0.7944025,16.142332807774
130,1D6R,uR,2,0.8290155440414508,0.8371329879101901,2,0.7960032065176256,0.45068082,0.09275352,0.6529299,15.85795257352709
131,1D6R,uR,3,0.6664939550949914,0.6876338514680483,5,0.7960032065176256,0.39279842,0.07635006,0.5673851,14.667611029291644
132,1D6R,uR,4,0.9284974093264249,0.8532642487046631,5,0.7960032065176256,0.39282438,0.07453129,0.55345416,10.033690674443141
133,1D6R,uR,5,0.5924006908462868,0.6338514680483592,9,0.7960032065176256,0.50824755,0.13152108,0.80092746,12.389576644313173
134,1D6R,uR,6,0.7818652849740935,0.8092688543465747,3,0.7960032065176256,0.40903208,0.07262485,0.5872064,8.167527603960774
135,1D6R,uR,7,0.5970639032815199,0.6889896373056996,4,0.7960032065176256,0.47928157,0.117175534,0.712768,9.759439016848678
136,1D6R,uR,8,0.8756476683937824,0.8968192285549798,12,0.7960032065176256,0.4252575,0.093039535,0.6404865,11.876133913985734
137,1D6R,uR,9,0.8359240069084628,0.814227115716753,8,0.7960032065176256,0.5625984,0.20001237,0.9458998,14.572984740198223
138,1D6R,uR,10,0.7810017271157168,0.7615251760329481,13,0.7960032065176256,0.63442355,0.21690896,0.96216667,15.329234304928706
139,1D6R,uR,11,0.8471502590673575,0.8250025398760541,17,0.7960032065176256,0.37331402,0.06955883,0.572249,9.796879488546933
140,1D6R,uR,12,0.5640759930915371,0.6636154289004029,15,0.7960032065176256,0.6861078,0.22249432,0.92682266,9.545325558576192
141,1D6R,uR,13,0.8606217616580312,0.8271876799078871,12,0.7960032065176256,0.45981842,0.121933095,0.74162155,10.877662841047638
142,1D6R,uR,14,0.5063903281519861,0.690593387614113,28,0.7960032065176256,0.4403535,0.13109761,0.7512143,14.546107966055661
143,1D6R,uR,15,0.8730569948186528,0.8840983234765616,99,0.7960032065176256,0.5493564,0.16843267,0.8780751,14.027809809405898
144,1D6R,uL,0,0.5616883116883117,0.6457792207792208,5,0.6986016971076732,0.38048124,0.108450286,0.6195188,4.839258941042371
145,1D6R,uL,1,0.8636363636363635,0.7621753246753247,8,0.6986016971076732,0.69459623,0.23694302,0.9598465,10.999274910367172
146,1D6R,uL,2,0.8490259740259741,0.8185876623376622,8,0.6986016971076732,0.5772205,0.19739038,0.88051176,13.004362406819599
147,1D6R,uL,3,0.573051948051948,0.499025974025974,10,0.6986016971076732,0.5048355,0.17420577,0.7993418,7.398547680207734
148,1D6R,uL,4,0.5097402597402597,0.552652939166097,76,0.6986016971076732,0.6565658,0.19524683,0.9399146,10.651048946674972
149,1D6R,uL,5,0.6233766233766234,0.6263815971262781,47,0.6986016971076732,0.6752234,0.18339533,0.92998695,10.823921639298606
150,1D6R,uL,6,0.8051948051948052,0.7655910416114499,245,0.6986016971076732,0.8341255,0.16747957,0.98789805,12.374633803148729
151,2I25,uR,0,0.8915441176470589,0.899203431372549,4,0.7564216174517616,0.5121865,0.12750669,0.75003356,9.477955188210254
152,2I25,uR,1,0.7696078431372548,0.7135416666666666,6,0.7564216174517616,0.6424128,0.20043685,0.9169496,11.357357217189673
153,2I25,uR,2,0.8658088235294117,0.8713235294117646,14,0.7564216174517616,0.45574832,0.0975681,0.62357634,9.418610974926668
154,2I25,uR,3,0.8602941176470589,0.848406862745098,5,0.7564216174517616,0.397786,0.08368833,0.51489913,4.992134834922716
155,2I25,uR,4,0.6850490196078431,0.66515522875817,15,0.7564216174517616,0.53065145,0.15799545,0.82584095,9.870567390408487
156,2I25,uR,5,0.900735294117647,0.8265012254901961,20,0.7564216174517616,0.43533793,0.096217595,0.74298036,12.203790294434212
157,2I25,uR,6,0.6715686274509804,0.6805263772175537,21,0.7564216174517616,0.4884736,0.15190168,0.80622154,11.499138436479765
158,2I25,uR,7,0.8462009803921569,0.8773095776772247,26,0.7564216174517616,0.5660217,0.17267658,0.8661971,11.872401906430616
159,2I25,uR,8,0.8645833333333333,0.8095031194295901,55,0.7564216174517616,0.49589095,0.17811182,0.8475574,10.609095848296496
160,2I25,uR,9,0.7077205882352942,0.6972469220246237,43,0.7564216174517616,0.44671324,0.12858042,0.66460186,7.891798333544966
161,2I25,uR,10,0.7046568627450981,0.7222850678733033,13,0.7564216174517616,0.43898907,0.09468729,0.5763484,5.143313023914908
162,2I25,uR,11,0.7990196078431372,0.7537821162947937,87,0.7564216174517616,0.65781194,0.1960802,0.94678617,10.395551554317054
163,2I25,uL,0,0.37103174603174605,0.37103174603174605,1,0.5510600455321572,0.6566401,0.13383675,0.87581235,9.721786917181278
164,2I25,uL,1,0.7551587301587301,0.7551587301587301,1,0.5510600455321572,0.3678373,0.06827277,0.50403154,9.457567195901936
165,2I25,uL,2,0.46111111111111114,0.46111111111111114,1,0.5510600455321572,0.4398056,0.12589508,0.6563858,7.760100935331607
166,2I25,uL,3,0.33015873015873015,0.33015873015873015,1,0.5510600455321572,0.42383805,0.11407432,0.6148092,6.817501611751529
167,2I25,uL,4,0.36269841269841274,0.36269841269841274,1,0.5510600455321572,0.4664114,0.086211205,0.6604941,8.111053308939642
168,2I25,uL,5,0.28095238095238095,0.28095238095238095,1,0.5510600455321572,0.4901246,0.12180513,0.7102221,7.370485500788285
169,2I25,uL,6,0.4035714285714286,0.4035714285714286,1,0.5510600455321572,0.45966965,0.054209903,0.5429566,6.840165194749802
170,2I25,uL,7,0.35833333333333334,0.35833333333333334,1,0.5510600455321572,0.50027007,0.11018118,0.67797136,9.14083722526489
171,2I25,uL,8,0.5599206349206349,0.5599206349206349,1,0.5510600455321572,0.3749414,0.06662463,0.5192761,7.768207788396379
172,2I25,uL,9,0.9166666666666666,0.9166666666666666,1,0.5510600455321572,0.444968,0.041242052,0.5137738,7.914410043514365
173,2I25,uL,10,0.26507936507936514,0.26507936507936514,1,0.5510600455321572,0.42809287,0.08345647,0.5869328,8.871619341454181
174,2I25,uL,11,0.5575396825396826,0.5575396825396826,1,0.5510600455321572,0.42855293,0.08672377,0.58200604,5.803715130181498
175,2I25,uL,12,0.8388888888888889,0.8388888888888889,1,0.5510600455321572,0.41212627,0.07562624,0.51176244,7.2230853787142415
176,2I25,uL,13,0.6257936507936508,0.6257936507936508,1,0.5510600455321572,0.43069428,0.09375176,0.6305765,6.993337647408114
177,2I25,uL,14,0.7920634920634919,0.7920634920634919,1,0.5510600455321572,0.4381544,0.11542756,0.6928811,10.193284588979273
178,2I25,uL,15,0.8714285714285714,0.8714285714285714,1,0.5510600455321572,0.4229816,0.10858871,0.6543545,9.892477071149994
179,2I25,uL,16,0.7742063492063492,0.7742063492063492,1,0.5510600455321572,0.42643875,0.09755213,0.6269337,9.300370035493359
180,2I25,uL,17,0.7551587301587301,0.7551587301587301,1,0.5510600455321572,0.4238035,0.073336706,0.57235664,7.986420417987532
181,2I25,uL,18,0.6952380952380952,0.6952380952380952,1,0.5510600455321572,0.43154886,0.083237454,0.57173383,8.1190813067963
182,2I25,uL,19,0.5746031746031746,0.5746031746031746,1,0.5510600455321572,0.4798048,0.13322777,0.7516784,8.808575347570837
183,2I25,uL,20,0.6246031746031746,0.6246031746031746,1,0.5510600455321572,0.43823504,0.08689386,0.59291,9.104052400487218
184,2I25,uL,21,0.6900793650793651,0.6900793650793651,1,0.5510600455321572,0.39595386,0.055797312,0.5258833,9.462150153565512
185,2I25,uL,22,0.5365079365079365,0.5365079365079365,1,0.5510600455321572,0.56117266,0.14506704,0.85019666,8.659072594521016
186,2I25,uL,23,0.6543650793650794,0.6543650793650794,1,0.5510600455321572,0.6301008,0.17953655,0.8954008,9.167835678095743
187,2I25,uL,24,0.5797619047619047,0.5797619047619047,1,0.5510600455321572,0.5010676,0.112314455,0.7350727,8.246764613123357
188,2I25,uL,25,0.5158730158730158,0.5158730158730158,1,0.5510600455321572,0.66349083,0.1419664,0.8566074,9.707169256207033
189,2I25,uL,26,0.7920634920634921,0.7920634920634921,1,0.5510600455321572,0.41826808,0.070828125,0.57800496,8.592578686834408
190,2I25,uL,27,0.5261904761904762,0.5261904761904762,1,0.5510600455321572,0.39920706,0.08594068,0.5837255,10.09875089042819
191,2I25,uL,28,0.5249999999999999,0.5249999999999999,1,0.5510600455321572,0.41459885,0.089654826,0.6338099,11.741814934014076
192,2I25,uL,29,0.5900793650793651,0.5900793650793651,1,0.5510600455321572,0.36159182,0.07051231,0.50466317,7.748629672722765
193,2I25,uL,30,0.603968253968254,0.603968253968254,1,0.5510600455321572,0.48108894,0.12874249,0.6943646,8.493918084491547
194,2I25,uL,31,0.861111111111111,0.861111111111111,1,0.5510600455321572,0.37145096,0.06116511,0.50896627,7.859572474633671
195,2I25,uL,32,0.8337301587301588,0.8337301587301588,1,0.5510600455321572,0.44322422,0.08809626,0.5866823,7.51007272346428
196,2I25,uL,33,0.6261904761904762,0.6261904761904762,1,0.5510600455321572,0.49515566,0.12243275,0.6532128,6.569935325684033
197,2I25,uL,34,0.5273809523809524,0.5273809523809524,1,0.5510600455321572,0.48226246,0.12920618,0.69809467,7.970110192751453
198,2I25,uL,35,0.5996031746031747,0.5996031746031747,1,0.5510600455321572,0.40722278,0.09383846,0.63302153,7.842605978473086
199,2I25,uL,36,0.5170634920634921,0.5170634920634921,1,0.5510600455321572,0.54555374,0.16599064,0.7629225,7.337588460513651
200,2I25,uL,37,0.4464285714285714,0.4464285714285714,1,0.5510600455321572,0.6092846,0.16899149,0.89288783,9.96004969086733
201,2I25,uL,38,0.39246031746031745,0.39246031746031745,1,0.5510600455321572,0.52586687,0.14651689,0.8319061,9.569972851805652
202,2I25,uL,39,0.3884920634920635,0.3884920634920635,1,0.5510600455321572,0.38219365,0.07813802,0.57668215,7.66452395788659
203,2I25,uL,40,0.5662698412698413,0.5662698412698413,1,0.5510600455321572,0.43219668,0.105758935,0.7350118,9.036067054891102
204,2I25,uL,41,0.43373015873015874,0.43373015873015874,1,0.5510600455321572,0.4666773,0.13849786,0.6782696,8.633378046702044
205,2I25,uL,42,0.8496031746031745,0.8496031746031745,1,0.5510600455321572,0.42212486,0.067058004,0.57350683,9.054948606590692
206,2I25,uL,43,0.8884920634920634,0.8884920634920634,1,0.5510600455321572,0.46551406,0.08318759,0.6191091,10.430096504574143
207,2I25,uL,44,0.45079365079365075,0.45079365079365075,1,0.5510600455321572,0.47729465,0.10944433,0.67787397,7.514884565370603
208,3F1P,uR,0,0.8155294117647058,0.8041176470588236,4,0.8503529411764705,0.48331833,0.13042702,0.8353077,13.045427497771426
209,3F1P,uR,1,0.7378823529411765,0.6220235294117649,5,0.8503529411764705,0.41360283,0.08872567,0.6269119,12.253887103344695
210,3F1P,uR,2,0.5115294117647059,0.6207058823529412,3,0.8503529411764705,0.39452398,0.06869057,0.5502398,10.656160744023515
211,3F1P,uR,3,0.6889411764705883,0.528156862745098,3,0.8503529411764705,0.39888644,0.05847134,0.529633,11.628125760432019
212,3F1P,uR,4,0.7656470588235295,0.7341176470588234,3,0.8503529411764705,0.5404071,0.14123885,0.75695884,10.859082803171711
213,3F1P,uR,5,0.8461176470588235,0.8532941176470589,4,0.8503529411764705,0.41866046,0.11527139,0.6804044,7.570443487391614
214,3F1P,uR,6,0.8847058823529411,0.8406722689075631,7,0.8503529411764705,0.4656122,0.13672379,0.77589536,10.970972511312606
215,3F1P,uR,7,0.7435294117647059,0.7740588235294118,8,0.8503529411764705,0.41343588,0.1299131,0.82179695,15.412934151944695
216,3F1P,uR,8,0.7364705882352941,0.6993882352941176,5,0.8503529411764705,0.4790189,0.1362705,0.8169412,11.973162232936268
217,3F1P,uR,9,0.9025882352941177,0.8931764705882352,4,0.8503529411764705,0.3847891,0.076080516,0.59138364,8.267192714020338
218,3F1P,uR,10,0.6249411764705882,0.7488235294117647,4,0.8503529411764705,0.46507952,0.158299,0.6233785,4.366581589921956
219,3F1P,uR,11,0.8889411764705882,0.8160000000000001,5,0.8503529411764705,0.68183994,0.19178867,0.97530127,12.503029589710522
220,3F1P,uR,12,0.868235294117647,0.8443235294117648,16,0.8503529411764705,0.42840925,0.101836786,0.6229106,11.444359058797602
221,3F1P,uR,13,0.9402352941176471,0.9230077691453941,212,0.8503529411764705,0.594791,0.16053337,0.82785904,12.2974397025355
222,3F1P,uL,0,0.539366515837104,0.5699712052653229,11,0.7497160678552758,0.75327057,0.17772552,0.9637361,12.291483608627532
223,3F1P,uL,1,0.9262443438914028,0.9029411764705884,4,0.7497160678552758,0.6333447,0.1876143,0.94453955,11.670200790315635
224,3F1P,uL,2,0.4167420814479638,0.3739567621920563,9,0.7497160678552758,0.66035324,0.19447252,0.9287272,10.931520994406469
225,3F1P,uL,3,0.4782805429864253,0.44100678733031673,8,0.7497160678552758,0.58640736,0.1688222,0.8332503,13.000734555040538
226,3F1P,uL,4,0.2882352941176471,0.40622171945701363,24,0.7497160678552758,0.6348067,0.18845339,0.93172956,12.418792609312982
227,3F1P,uL,5,0.6461538461538462,0.5770079185520363,32,0.7497160678552758,0.590718,0.17500345,0.9298931,13.536654252071415
228,3F1P,uL,6,0.7348416289592761,0.7277023629964807,99,0.7497160678552758,0.6363268,0.16300689,0.881182,13.14399960901846
229,3F1P,uL,7,0.8330316742081447,0.8695339366515838,200,0.7497160678552758,0.6957691,0.21237925,0.9709906,13.24772455446663
230,1R0R,uR,0,0.9074737820257534,0.8248595070578344,3,0.8761803972216801,0.40134725,0.13276687,0.7608776,15.950115283219136
231,1R0R,uR,1,0.743926722421346,0.8884906411788132,3,0.8761803972216801,0.48330128,0.13276814,0.7217824,9.572862987911964
232,1R0R,uR,2,0.8333997079516792,0.802184673152415,7,0.8761803972216801,0.563114,0.12743811,0.7694028,10.703322606937093
233,1R0R,uR,3,0.8766759591132351,0.8969865923270941,3,0.8761803972216801,0.4259142,0.083074935,0.5915937,9.563430860533494
234,1R0R,uR,4,0.8829151732377538,0.8954378512323554,6,0.8761803972216801,0.5935554,0.16868654,0.8729197,12.762626021380305
235,1R0R,uR,5,0.9721226602947033,0.9428680472587283,8,0.8761803972216801,0.42321712,0.09651903,0.6634805,8.879844551845636
236,1R0R,uR,6,0.9261914243993098,0.9253506792335945,3,0.8761803972216801,0.4707926,0.1492649,0.8422743,13.111828966330505
237,1R0R,uR,7,0.897119341563786,0.9212354528961457,3,0.8761803972216801,0.4044578,0.078952864,0.529658,6.029506618340139
238,1R0R,uR,8,0.9757068896853843,0.9775985663082437,4,0.8761803972216801,0.5093587,0.15178117,0.79273224,11.23416863563701
239,1R0R,uR,9,0.6263108987123325,0.7282076510413006,17,0.8761803972216801,0.5409986,0.11716049,0.71081424,6.134081520756092
240,1R0R,uR,10,0.8498606133014736,0.7237322447895924,16,0.8761803972216801,0.4394652,0.1053452,0.6815208,11.086821332039667
241,1R0R,uR,11,0.9802203637329086,0.9588062524890482,16,0.8761803972216801,0.5758364,0.17676726,0.92012215,11.79433627033296
242,1R0R,uR,12,0.9603079782291252,0.9356924769111148,7,0.8761803972216801,0.4943989,0.16404481,0.8051226,8.318548636097464
243,1R0R,uR,13,0.9441125713527146,0.9463503441998066,7,0.8761803972216801,0.4221961,0.10696502,0.69265836,7.585498902762213
244,1R0R,uR,14,0.9722554095313951,0.9635990530554448,24,0.8761803972216801,0.5892566,0.17297138,0.9024159,8.873882161475828
245,1R0R,uR,15,0.9415903358555688,0.9248561232537619,17,0.8761803972216801,0.47417268,0.13944839,0.7805141,11.132773380584863
246,1R0R,uR,16,0.9697331740342493,0.9519626464070906,52,0.8761803972216801,0.49390402,0.1606855,0.8272067,8.210426019316932
247,1R0R,uR,17,0.9514137793707685,0.9200530996946767,25,0.8761803972216801,0.4068528,0.080790095,0.54312986,5.6936927888219415
248,1R0R,uL,0,0.7935222672064778,0.8259109311740892,3,0.8851194412632869,0.41095254,0.094743416,0.57342005,3.7301064474640286
249,1R0R,uL,1,0.9089068825910931,0.8922064777327935,4,0.8851194412632869,0.49512863,0.112202935,0.6276294,9.086342352585763
250,1R0R,uL,2,0.902834008097166,0.8785425101214575,4,0.8851194412632869,0.45872217,0.10176954,0.6727452,7.757661995474233
251,1R0R,uL,3,0.8663967611336032,0.8577935222672065,4,0.8851194412632869,0.47954816,0.08683567,0.578984,6.29997993105832
252,1R0R,uL,4,0.9190283400809717,0.9182186234817813,5,0.8851194412632869,0.4269143,0.13208523,0.7143705,5.538859538926148
253,1R0R,uL,5,0.7874493927125507,0.797570850202429,5,0.8851194412632869,0.5801788,0.14015444,0.8101441,8.57246949606524
254,1R0R,uL,6,0.7570850202429149,0.7473009446693658,6,0.8851194412632869,0.5144263,0.1651098,0.8051262,9.227714207686306
255,1R0R,uL,7,0.896761133603239,0.8814343551185656,7,0.8851194412632869,0.4558269,0.12634093,0.6180546,7.023359697315877
256,1R0R,uL,8,0.888663967611336,0.8483621641516378,11,0.8851194412632869,0.48742896,0.14491214,0.7615585,8.81288091596099
257,1R0R,uL,9,0.8016194331983806,0.8879048582995952,8,0.8851194412632869,0.41913572,0.106104694,0.7247448,6.877911654103853
258,1R0R,uL,10,0.8906882591093117,0.8947443954317481,268,0.8851194412632869,0.5849456,0.20273268,0.8979039,8.892847618207801
259,1E96,uR,0,0.6180014174344437,0.5308291991495393,3,0.6588041879258303,0.47577295,0.15393336,0.88888437,12.338400970142196
260,1E96,uR,1,0.4883061658398299,0.5527285613040397,5,0.6588041879258303,0.4934669,0.10844606,0.67133516,12.354868427686883
261,1E96,uR,2,0.5318922749822821,0.4829907866761163,3,0.6588041879258303,0.49163097,0.18333507,0.8112946,10.516433879734224
262,1E96,uR,3,0.7026931254429483,0.6959603118355776,3,0.6588041879258303,0.406613,0.07354953,0.50246996,8.031502730024336
263,1E96,uR,4,0.7119064493267186,0.72454523978266,3,0.6588041879258303,0.4636129,0.14170681,0.8286715,14.239719694816683
264,1E96,uR,5,0.6017009213323884,0.6424521615875265,3,0.6588041879258303,0.4363895,0.11259031,0.6747783,17.481177229852847
265,1E96,uR,6,0.6172927002126152,0.6333097094259391,5,0.6588041879258303,0.3970474,0.08101504,0.5529257,10.125817073758547
266,1E96,uR,7,0.3908575478384125,0.48204583038034493,3,0.6588041879258303,0.41424936,0.058967724,0.52015567,17.61995073754638
267,1E96,uR,8,0.5070871722182849,0.5249822820694543,2,0.6588041879258303,0.4102122,0.07517933,0.550448,6.252717796490956
268,1E96,uR,9,0.5687455705173636,0.578136073706591,2,0.6588041879258303,0.4206602,0.059259567,0.51872706,7.680695426874066
269,1E96,uR,10,0.5882352941176471,0.5525631939522797,6,0.6588041879258303,0.6272771,0.22241986,0.95305085,15.102442187440706
270,1E96,uR,11,0.830970942593905,0.7826009922041106,2,0.6588041879258303,0.47099504,0.1530275,0.7937548,11.08975832540644
271,1E96,uR,12,0.5240963855421686,0.6112243090007087,8,0.6588041879258303,0.5306068,0.15515926,0.8328108,13.288743072152405
272,1E96,uR,13,0.6367824238128986,0.6398299078667612,5,0.6588041879258303,0.61671895,0.22033976,0.92869824,12.25853348198755
273,1E96,uR,14,0.7193479801559177,0.8002126151665486,5,0.6588041879258303,0.408557,0.059564788,0.5061603,7.197414206031342
274,1E96,uR,15,0.7416725726435153,0.677090715804394,4,0.6588041879258303,0.36660445,0.05201462,0.5169691,15.008111518621138
275,1E96,uR,16,0.6172927002126151,0.5947149944315075,7,0.6588041879258303,0.45906496,0.118850656,0.72676855,8.969846478606602
276,1E96,uR,17,0.6874557051736356,0.5746684215855017,7,0.6588041879258303,0.43381515,0.113304116,0.6639506,7.1412255617559675
277,1E96,uR,18,0.6640680368532956,0.7059835982585805,7,0.6588041879258303,0.443964,0.09921844,0.59392315,7.569888238646885
278,1E96,uR,19,0.723954642097803,0.6687979539641944,161,0.6588041879258303,0.69742095,0.14895162,0.91174775,10.471002019889838
279,1E96,uL,0,0.9470338983050847,0.92090395480226,3,0.9176732336191955,0.37658778,0.067446746,0.5239291,10.198310937048662
280,1E96,uL,1,0.9855225988700564,0.9676318267419962,6,0.9176732336191955,0.37225688,0.08126586,0.61768925,11.632407948914803
281,1E96,uL,2,0.842867231638418,0.855991054613936,12,0.9176732336191955,0.5641017,0.21069638,0.8925162,16.722024512871727
282,1E96,uL,3,0.7351694915254237,0.8338983050847457,5,0.9176732336191955,0.5394724,0.1317633,0.81497526,11.200319782011631
283,1E96,uL,4,0.9424435028248588,0.8940677966101696,5,0.9176732336191955,0.35872507,0.056656167,0.5164328,15.954822110645509
284,1E96,uL,5,0.8559322033898306,0.8761243681236991,38,0.9176732336191955,0.5092212,0.14383833,0.7978932,14.666609025823663
285,1E96,uL,6,0.9251412429378532,0.899672243951905,39,0.9176732336191955,0.5595073,0.18874675,0.9210565,12.958193316315104
286,1E96,uL,7,0.961864406779661,0.9377257307225962,219,0.9176732336191955,0.44892377,0.10823538,0.6695248,16.30498789541992
287,1GPW,uR,0,0.5446091252542866,0.49211711711711714,4,0.49789899099551416,0.4342381,0.12049747,0.67967224,12.32762598683861
288,1GPW,uR,1,0.6115954664341761,0.5724716652136006,4,0.49789899099551416,0.5122293,0.15442352,0.7540371,13.858592468239753
289,1GPW,uR,2,0.5021795989537925,0.4539087474571346,5,0.49789899099551416,0.6009229,0.17481758,0.890121,8.499822802833556
290,1GPW,uR,3,0.40642255158384194,0.5099898285382156,4,0.49789899099551416,0.38124284,0.0716155,0.57608724,18.172207480406673
291,1GPW,uR,4,0.36849752978785233,0.5213600697471665,2,0.49789899099551416,0.41588327,0.1005577,0.68518007,10.520045932521862
292,1GPW,uR,5,0.4838709677419355,0.48556621137266304,3,0.49789899099551416,0.44591442,0.10815173,0.62537384,6.765627143503755
293,1GPW,uL,0,0.8253319713993872,0.8668709567585973,3,0.8196824550622841,0.50028414,0.11684169,0.7122753,10.044982719561888
294,1GPW,uL,1,0.6654749744637385,0.7196629213483146,5,0.8196824550622841,0.4929575,0.082081124,0.6371896,7.241675640931499
295,1GPW,uL,2,0.6606230847803881,0.6478549540347293,3,0.8196824550622841,0.54515356,0.14959075,0.7857877,9.423511592429284
296,1GPW,uL,3,0.9427987742594485,0.9452247191011236,2,0.8196824550622841,0.4257177,0.073747166,0.5470148,7.096241520753496
297,1GPW,uL,4,0.7479570990806946,0.6787538304392237,3,0.8196824550622841,0.37025574,0.066486314,0.50569147,6.654589657357067
298,1GPW,uL,5,0.8623595505617978,0.8230337078651685,3,0.8196824550622841,0.4242057,0.12956554,0.6484252,6.213502895477217
299,1GPW,uL,6,0.9379468845760981,0.9346782431052093,5,0.8196824550622841,0.49696943,0.11683805,0.6435724,6.957715689643039
300,1GPW,uL,7,0.9757405515832482,0.9371807967313585,4,0.8196824550622841,0.57206637,0.19602233,0.95658153,13.2327546511703
301,1GPW,uL,8,0.900408580183861,0.9054519918283963,4,0.8196824550622841,0.5182935,0.18985035,0.81836,8.348756448734521
302,1GPW,uL,9,0.8554647599591421,0.7631086142322098,3,0.8196824550622841,0.4418529,0.05642207,0.5212984,4.457749534600076
303,1GPW,uL,10,0.9532686414708886,0.9108784473953013,5,0.8196824550622841,0.43195143,0.11260936,0.6478782,7.5941275671929205
304,1GPW,uL,11,0.8993871297242084,0.8931733060946545,3,0.8196824550622841,0.41424164,0.065822035,0.5245553,6.377342944099774
305,1GPW,uL,12,0.9239019407558734,0.9160586604406828,7,0.8196824550622841,0.49804854,0.13106747,0.734638,8.393343518329733
306,1GPW,uL,13,0.7946884576098059,0.7425944841675178,4,0.8196824550622841,0.394717,0.05647445,0.51078707,6.769515549804085
307,1GPW,uL,14,0.6212972420837589,0.6017761888548405,9,0.8196824550622841,0.59192204,0.1454399,0.8697111,8.927362813310722
308,1GPW,uL,15,0.6381511746680286,0.6968335035750766,5,0.8196824550622841,0.48251256,0.15839082,0.7065534,6.55776767994067
309,1GPW,uL,16,0.9476506639427987,0.9353421859039838,5,0.8196824550622841,0.48956764,0.14272377,0.74818426,10.949304134997965
310,1GPW,uL,17,0.9570990806945863,0.9292645556690501,3,0.8196824550622841,0.4296322,0.11422719,0.6625407,6.0477865209540225
311,1GPW,uL,18,0.9249233912155261,0.9105379639087504,3,0.8196824550622841,0.44998676,0.062967524,0.5129543,3.0540452517071723
312,1GPW,uL,19,0.9642492339121553,0.9556945863125637,6,0.8196824550622841,0.56266105,0.066812955,0.67042935,6.917788066092539
313,1GPW,uL,20,0.6636874361593463,0.6938202247191011,5,0.8196824550622841,0.47278005,0.11516537,0.6101101,4.334941200616611
314,1RKE,uR,0,0.8585034013605441,0.8552154195011337,3,0.8447298459613731,0.48003915,0.117675915,0.6708476,20.877306639861875
315,1RKE,uR,1,0.9462585034013606,0.8845578231292517,5,0.8447298459613731,0.40743342,0.0706996,0.5548618,13.431243862673528
316,1RKE,uR,2,0.9200680272108843,0.846821879109639,419,0.8447298459613731,0.52678955,0.18129845,0.85280347,18.660161809490784
317,1RKE,uL,0,0.7399103139013452,0.7735296688321186,419,0.7698045679407788,0.7206625,0.23477024,0.9985216,16.98404479930296
318,1FLE,uR,0,0.2403975741239892,0.4366576819407008,3,0.5618321860804759,0.46474558,0.13467216,0.8440029,18.437662710302188
319,1FLE,uR,1,0.5830525606469003,0.48247978436657685,5,0.5618321860804759,0.488132,0.12640315,0.7249692,7.783237118346216
320,1FLE,uR,2,0.918800539083558,0.8472708894878705,5,0.5618321860804759,0.47037765,0.14728075,0.7417149,8.684969248977621
321,1FLE,uR,3,0.8396226415094339,0.83687106918239,3,0.5618321860804759,0.39504328,0.070005335,0.5431983,9.073454367830331
322,1FLE,uR,4,0.7510107816711591,0.5830188679245284,5,0.5618321860804759,0.5476773,0.19003448,0.8358339,9.805714883378096
323,1FLE,uR,5,0.7803234501347709,0.7944743935309974,4,0.5618321860804759,0.41447625,0.089701064,0.5656613,7.209570227971541
324,1FLE,uR,6,0.32850404312668463,0.43081761006289304,3,0.5618321860804759,0.3902715,0.043732345,0.50250775,8.37904939534093
325,1FLE,uR,7,0.6320754716981132,0.7264712488769094,6,0.5618321860804759,0.39398,0.069005,0.51871395,7.945301143822709
326,1FLE,uR,8,0.7070417789757413,0.6527964959568734,6,0.5618321860804759,0.46125627,0.05411085,0.5419413,9.598934469102607
327,1FLE,uR,9,0.6460579514824798,0.6880896226415094,4,0.5618321860804759,0.39012438,0.0898946,0.5954938,16.652446812668266
328,1FLE,uR,10,0.5571091644204852,0.5774090296495957,4,0.5618321860804759,0.4791283,0.14069435,0.80328166,9.590504778411766
329,1FLE,uR,11,0.6650943396226415,0.5697680015402388,7,0.5618321860804759,0.42574897,0.1164331,0.72185904,13.470133343221484
330,1FLE,uR,12,0.5138140161725068,0.45561919736448037,9,0.5618321860804759,0.4406323,0.10564198,0.6926915,10.37868461158813
331,1FLE,uR,13,0.4292452830188679,0.4905519991015273,12,0.5618321860804759,0.5700774,0.13854982,0.82629865,9.818804036572319
332,1FLE,uR,14,0.36051212938005395,0.4637017070979336,15,0.5618321860804759,0.3880371,0.076095745,0.544481,8.107386075804818
333,1FLE,uR,15,0.6795822102425876,0.5109020023103581,7,0.5618321860804759,0.40863746,0.083619505,0.5838824,9.578168091503445
334,1FLE,uR,16,0.6270215633423181,0.5311447102425876,16,0.5618321860804759,0.6334871,0.15171322,0.8607663,9.868990071125264
335,1FLE,uR,17,0.5365566037735849,0.6082041778975741,10,0.5618321860804759,0.4309278,0.09956311,0.53049093,6.499501179724463
336,1FLE,uR,18,0.2932951482479784,0.47241759321653193,48,0.5618321860804759,0.47765228,0.11232293,0.6940799,13.23860506190324
337,1FLE,uL,0,0.7875939849624061,0.7951127819548873,5,0.6742803223197436,0.46323162,0.12504534,0.7375403,9.791941950298952
338,1FLE,uL,1,0.8402255639097744,0.7634711779448621,6,0.6742803223197436,0.40764797,0.09057797,0.6309189,10.051458108801622
339,1FLE,uL,2,0.8007518796992481,0.8026315789473685,4,0.6742803223197436,0.35940462,0.06417215,0.549933,8.957596517729138
340,1FLE,uL,3,0.8101503759398496,0.8021616541353382,16,0.6742803223197436,0.5235964,0.1305335,0.78342885,9.135498761412991
341,1FLE,uL,4,0.6973684210526315,0.6546052631578947,8,0.6742803223197436,0.37552115,0.07311022,0.5506032,7.91251315668584
342,1FLE,uL,5,0.8533834586466166,0.6633442395614396,347,0.6742803223197436,0.58310896,0.16669051,0.8323933,8.76752832946394
343,2O3B,uR,0,0.5836279069767443,0.5836279069767443,1,0.6227043454090614,0.41012457,0.06783599,0.5051799,7.077387763284851
344,2O3B,uR,1,0.4865116279069768,0.4865116279069768,1,0.6227043454090614,0.43404245,0.09516706,0.5950035,5.9813299382154215
345,2O3B,uR,2,0.46195348837209305,0.46195348837209305,1,0.6227043454090614,0.4273244,0.051749554,0.51145846,8.856446866224175
346,2O3B,uR,3,0.5760000000000001,0.5760000000000001,1,0.6227043454090614,0.49358946,0.13294075,0.62653023,3.3685605300255044
347,2O3B,uR,4,0.6074418604651163,0.6074418604651163,1,0.6227043454090614,0.4774617,0.10889599,0.7025953,8.18162849691213
348,2O3B,uR,5,0.49227906976744185,0.49227906976744185,1,0.6227043454090614,0.40672573,0.07516442,0.5323515,7.259607020777006
349,2O3B,uR,6,0.5017674418604651,0.5017674418604651,1,0.6227043454090614,0.45259175,0.11076856,0.6203613,6.222435115596821
350,2O3B,uR,7,0.6719999999999999,0.6719999999999999,1,0.6227043454090614,0.40345562,0.1004021,0.6251181,7.005867591317272
351,2O3B,uR,8,0.710139534883721,0.710139534883721,1,0.6227043454090614,0.46215338,0.10730646,0.56945986,2.5864510795678277
352,2O3B,uR,9,0.7875348837209302,0.7875348837209302,1,0.6227043454090614,0.50272906,0.10488123,0.6734002,7.704907741765903
353,2O3B,uR,10,0.5533023255813954,0.5533023255813954,1,0.6227043454090614,0.57554895,0.19207107,0.92861396,8.912534137696527
354,2O3B,uR,11,0.3298604651162791,0.3298604651162791,1,0.6227043454090614,0.40444627,0.092244305,0.61747205,8.915934625954252
355,2O3B,uL,0,0.6367521367521367,0.5710351377018044,5,0.4284485987673239,0.54461586,0.16951083,0.907086,14.287907606956072
356,2O3B,uL,1,0.46201329534662866,0.452326685660019,50,0.4284485987673239,0.5917408,0.20615238,0.96848416,14.523695660003275
357,2O3B,uL,2,0.429724596391263,0.36963557168398886,179,0.4284485987673239,0.58673537,0.18500958,0.92105186,15.070465956105075
358,2O3B,uL,3,0.4515669515669516,0.468533943056236,157,0.4284485987673239,0.5837942,0.17906359,0.91271245,15.294845185940142
359,3SGQ,uR,0,0.8705,0.8495833333333334,6,0.9367116533864541,0.6066338,0.20006873,0.8803222,9.692152735126236
360,3SGQ,uR,1,0.94775,0.9061,5,0.9367116533864541,0.44298282,0.10660447,0.64567584,8.967085045275534
361,3SGQ,uR,2,0.89225,0.8925000000000001,3,0.9367116533864541,0.5803239,0.19414218,0.83920074,7.142401760498336
362,3SGQ,uR,3,0.9115,0.9092499999999999,5,0.9367116533864541,0.5186843,0.19065264,0.8779885,8.880616657669632
363,3SGQ,uR,4,0.9177500000000001,0.8753499999999999,5,0.9367116533864541,0.44040558,0.13643229,0.7162572,9.984433367253867
364,3SGQ,uR,5,0.921,0.9438571428571428,7,0.9367116533864541,0.46307892,0.122519724,0.74438894,9.913717669876405
365,3SGQ,uR,6,0.94875,0.9265192307692308,13,0.9367116533864541,0.54046196,0.15500426,0.82942015,9.239664454321925
366,3SGQ,uR,7,0.9450000000000001,0.923875,4,0.9367116533864541,0.39358822,0.09052739,0.6188191,9.400074894171711
367,3SGQ,uR,8,0.9490000000000001,0.9443235294117647,17,0.9367116533864541,0.5566014,0.15516247,0.887973,9.990800776015453
368,3SGQ,uR,9,0.9480000000000001,0.9471233870967742,310,0.9367116533864541,0.66967374,0.20897208,0.9594591,11.237592632832195
369,3SGQ,uL,0,0.7713675213675214,0.797008547008547,3,0.8624816971430517,0.4112432,0.08466298,0.6321702,9.324388319892881
370,3SGQ,uL,1,0.7564102564102564,0.7371794871794872,3,0.8624816971430517,0.5221504,0.13456272,0.8200005,9.450141571514532
371,3SGQ,uL,2,0.9465811965811965,0.9414529914529914,5,0.8624816971430517,0.46964025,0.093464434,0.65254205,7.171359212560141
372,3SGQ,uL,3,0.7756410256410257,0.7777777777777778,2,0.8624816971430517,0.41165525,0.12033445,0.7303521,9.043268432728684
373,3SGQ,uL,4,0.938034188034188,0.9115384615384616,5,0.8624816971430517,0.37428087,0.06118988,0.5371534,8.117400015119244
374,3SGQ,uL,5,0.891025641025641,0.9188034188034189,2,0.8624816971430517,0.4565781,0.09725157,0.60273165,7.859042224894367
375,3SGQ,uL,6,0.982905982905983,0.9534188034188034,5,0.8624816971430517,0.5507183,0.09306519,0.678411,5.946656789875458
376,3SGQ,uL,7,0.9529914529914529,0.9432234432234433,7,0.8624816971430517,0.6629878,0.16878651,0.8549028,8.210284752809292
377,3SGQ,uL,8,0.8482905982905982,0.8568376068376068,3,0.8624816971430517,0.63539016,0.17927548,0.9113951,9.531012528543222
378,3SGQ,uL,9,0.9316239316239316,0.9564102564102563,5,0.8624816971430517,0.4908811,0.13892469,0.75596875,8.656828208066383
379,3SGQ,uL,10,0.811965811965812,0.7763532763532764,3,0.8624816971430517,0.5080812,0.13345462,0.7775599,9.314564727163853
380,3SGQ,uL,11,0.7243589743589743,0.7513354700854701,8,0.8624816971430517,0.49263236,0.13553648,0.7102753,8.997177112487988
381,3SGQ,uL,12,0.8952991452991453,0.8188034188034188,5,0.8624816971430517,0.4817945,0.08996765,0.5948973,9.39509059938837
382,3SGQ,uL,13,0.7521367521367522,0.7654914529914529,4,0.8624816971430517,0.46315882,0.116012305,0.77989006,9.580206245655884
383,3SGQ,uL,14,0.7991452991452991,0.7571225071225071,3,0.8624816971430517,0.46288162,0.11967983,0.7121513,9.088365552713228
384,3SGQ,uL,15,0.6794871794871795,0.6307692307692309,5,0.8624816971430517,0.4041826,0.0895626,0.53668267,6.434290875055657
385,3SGQ,uL,16,0.8504273504273504,0.875267094017094,8,0.8624816971430517,0.50027215,0.098244034,0.7110811,8.191898995713553
386,3SGQ,uL,17,0.9401709401709402,0.9423076923076922,6,0.8624816971430517,0.5077978,0.113935255,0.738622,9.040363737225487
387,3SGQ,uL,18,0.8418803418803419,0.8027065527065528,3,0.8624816971430517,0.59544843,0.12861088,0.79825807,9.440272010241914
388,3SGQ,uL,19,0.8376068376068376,0.7884615384615384,3,0.8624816971430517,0.41939244,0.08526755,0.63674384,8.023466982967657
389,3SGQ,uL,20,0.702991452991453,0.709096459096459,7,0.8624816971430517,0.49901566,0.15183716,0.79584014,7.926007551101299
390,3SGQ,uL,21,0.8354700854700855,0.8108974358974358,6,0.8624816971430517,0.4475172,0.16129398,0.67322314,6.404924018400607
391,3SGQ,uL,22,0.9636752136752136,0.9245014245014245,3,0.8624816971430517,0.53942275,0.14432824,0.77698386,8.275460356201656
392,3SGQ,uL,23,0.797008547008547,0.7935897435897437,5,0.8624816971430517,0.47588897,0.10284708,0.69126326,9.273698752183366
393,3SGQ,uL,24,0.7863247863247863,0.7742165242165243,3,0.8624816971430517,0.6312069,0.145381,0.8190804,9.469804539032145
394,3SGQ,uL,25,0.920940170940171,0.9172008547008547,4,0.8624816971430517,0.6705427,0.2008539,0.91537786,8.179082114231578
395,3SGQ,uL,26,0.9401709401709402,0.9089209401709402,8,0.8624816971430517,0.51117873,0.13892397,0.7591457,9.020622833846074
396,3SGQ,uL,27,0.9273504273504274,0.9405982905982906,5,0.8624816971430517,0.6573105,0.1779951,0.9242646,9.020174967007579
397,3SGQ,uL,28,0.8141025641025641,0.8282051282051283,5,0.8624816971430517,0.5479667,0.13121067,0.7697602,10.32111639225893
398,3SGQ,uL,29,0.9123931623931624,0.910968660968661,6,0.8624816971430517,0.5851879,0.13947947,0.8314987,9.836565515073914
399,3SGQ,uL,30,0.8632478632478633,0.8739316239316239,3,0.8624816971430517,0.44988492,0.085234426,0.6296466,9.612355275108834
400,3SGQ,uL,31,0.8418803418803418,0.8381410256410255,4,0.8624816971430517,0.6027975,0.14888754,0.8540774,8.807927239065064
401,3SGQ,uL,32,0.7713675213675214,0.8116096866096866,12,0.8624816971430517,0.53904104,0.1488209,0.8094807,10.164166129125688
402,3SGQ,uL,33,0.8290598290598291,0.8246438746438748,15,0.8624816971430517,0.63887346,0.18700711,0.8498447,10.092578655828136
403,3SGQ,uL,34,0.9209401709401709,0.8593628593628594,11,0.8624816971430517,0.7308867,0.19718696,0.9475379,9.979768163342275
404,3SGQ,uL,35,0.858974358974359,0.8920940170940169,28,0.8624816971430517,0.6727576,0.14500506,0.8855759,9.166797267139023
405,3SGQ,uL,36,0.8525641025641025,0.8766025641025641,20,0.8624816971430517,0.65838385,0.14070979,0.8807995,9.900948187148662
406,3SGQ,uL,37,0.8824786324786325,0.8991081382385729,46,0.8624816971430517,0.6558755,0.17142628,0.89779913,9.689265127162392
407,1ZHH,uR,0,0.8087842756612472,0.7519109439456442,4,0.8714377931645396,0.48119408,0.11841229,0.7215363,14.199888101698127
408,1ZHH,uR,1,0.8882552778451832,0.8622907061392865,3,0.8714377931645396,0.63404644,0.18014035,0.8980933,17.33025860143085
409,1ZHH,uR,2,0.8052657122057753,0.8771900024265953,5,0.8714377931645396,0.4493417,0.07516143,0.56009734,3.2358595291205607
410,1ZHH,uR,3,0.6361320067944674,0.6656960284720537,3,0.8714377931645396,0.6800739,0.21925673,0.9569662,13.30759154923843
411,1ZHH,uR,4,0.9153118175200194,0.8910863059128044,3,0.8714377931645396,0.41101444,0.08133732,0.60923666,23.675918995642032
412,1ZHH,uR,5,0.840451346760495,0.87939820431934,2,0.8714377931645396,0.5918063,0.17817394,0.8660156,24.68297210785229
413,1ZHH,uR,6,0.8835234166464451,0.9291434117932541,3,0.8714377931645396,0.57857174,0.18205288,0.8681372,16.635495206536792
414,1ZHH,uR,7,0.8989322979859258,0.9018095469199571,7,0.8714377931645396,0.5836551,0.110719256,0.7757203,21.85632420879405
415,1ZHH,uR,8,0.8544042708080564,0.8699648143654454,4,0.8714377931645396,0.591987,0.17032899,0.83949167,21.38389642951855
416,1ZHH,uR,9,0.9438243144867751,0.9225511607215077,3,0.8714377931645396,0.38880876,0.066500686,0.54708534,16.75983257903522
417,1ZHH,uR,10,0.7797864595971852,0.8317849343085936,7,0.8714377931645396,0.5120033,0.13349259,0.7140211,10.430827490643162
418,1ZHH,uR,11,0.9059694248968697,0.9269594758553749,2,0.8714377931645396,0.42451596,0.11576896,0.5913432,7.010449561248706
419,1ZHH,uR,12,0.8736957049259888,0.8712691094394565,5,0.8714377931645396,0.5918472,0.1790938,0.8832911,23.63845479951049
420,1ZHH,uR,13,0.8328075709779179,0.8394460429160746,7,0.8714377931645396,0.39201728,0.08046733,0.5105037,18.721660411869216
421,1ZHH,uR,14,0.8131521475370056,0.8272264013588935,7,0.8714377931645396,0.48667556,0.14127816,0.77795976,8.467319470575365
422,1ZHH,uR,15,0.9109439456442613,0.9040736471730163,16,0.8714377931645396,0.54801196,0.1520459,0.8248267,19.834847072503962
423,1ZHH,uR,16,0.8695704925988837,0.8447922564641808,9,0.8714377931645396,0.4082801,0.11608865,0.66311175,11.33623960976101
424,1ZHH,uR,17,0.8820674593545256,0.7568416511634177,9,0.8714377931645396,0.49979362,0.16458473,0.8845805,17.298134207833563
425,1ZHH,uR,18,0.8343848580441641,0.8521643365127957,13,0.8714377931645396,0.5220232,0.17172201,0.6937452,4.5290646817031694
426,1ZHH,uR,19,0.9447949526813879,0.9225646418075439,9,0.8714377931645396,0.39015448,0.059709307,0.5316304,8.768683293259599
427,1ZHH,uR,20,0.8604707595243872,0.7843096335840815,25,0.8714377931645396,0.41119808,0.0754192,0.57057714,6.314742527857035
428,1ZHH,uR,21,0.8413006551807813,0.8167083650603721,29,0.8714377931645396,0.4866383,0.14194377,0.7711369,9.986876046045285
429,1ZHH,uR,22,0.9536520262072312,0.931782334384858,12,0.8714377931645396,0.5159412,0.14892183,0.8421132,12.250753057243546
430,1ZHH,uR,23,0.949890803203106,0.9257461781121086,60,0.8714377931645396,0.5589994,0.16196835,0.79495496,9.446080794325228
431,1ZHH,uR,24,0.9194370298471246,0.9384642346787458,45,0.8714377931645396,0.5632853,0.13197242,0.7757669,8.949697494611408
432,1ZHH,uL,0,0.5515426497277677,0.536070780399274,4,0.544116186693148,0.4296722,0.10270953,0.6313811,9.333937989022704
433,1ZHH,uL,1,0.47132486388384753,0.49965970961887485,8,0.544116186693148,0.46935016,0.15544572,0.80452406,12.34167401750747
434,1ZHH,uL,2,0.5782214156079855,0.44058076225045373,5,0.544116186693148,0.45308375,0.109866716,0.58095574,12.426793104281622
435,1ZHH,uL,3,0.6687840290381125,0.5236388384754991,4,0.544116186693148,0.4160511,0.10419891,0.6149031,11.398377837752049
436,1ZHH,uL,4,0.19673321234119784,0.39307320024198433,12,0.544116186693148,0.55234194,0.15677172,0.8113272,17.20190148051836
437,1ZHH,uL,5,0.38239564428312156,0.3946914700544465,4,0.544116186693148,0.3964478,0.07827387,0.5392944,11.862094177816084
438,1ZHH,uL,6,0.5765880217785844,0.6418632788868723,3,0.544116186693148,0.39015502,0.08959977,0.62072724,11.572448807144387
439,1ZHH,uL,7,0.6083484573502722,0.5876847290640395,7,0.544116186693148,0.58158946,0.18971917,0.89518964,14.00487158580753
440,1ZHH,uL,8,0.5789473684210525,0.595508166969147,8,0.544116186693148,0.51919955,0.17677163,0.85354143,15.91962773101803
441,1ZHH,uL,9,0.3482758620689655,0.37017543859649127,9,0.544116186693148,0.63882905,0.19322473,0.92598397,14.65579334933803
442,1ZHH,uL,10,0.41560798548094374,0.45919540229885053,6,0.544116186693148,0.3519125,0.08771949,0.52732694,9.217973656438307
443,1ZHH,uL,11,0.6680580762250454,0.47434210526315795,8,0.544116186693148,0.53760225,0.16302384,0.89033943,13.67474379235808
444,1ZHH,uL,12,0.35553539019963704,0.5376814882032668,8,0.544116186693148,0.48421493,0.15711464,0.89085287,16.17756724891967
445,1ZHH,uL,13,0.3442831215970962,0.43572292800967943,12,0.544116186693148,0.45767272,0.10514593,0.61256254,10.795415629210233
446,1ZHH,uL,14,0.5883847549909256,0.6184513006654567,9,0.544116186693148,0.5016469,0.15283263,0.765238,8.460353529668298
447,1ZHH,uL,15,0.3078039927404719,0.4102380698195794,17,0.544116186693148,0.56619704,0.18494149,0.881099,17.38458272077298
448,1ZHH,uL,16,0.4497277676950998,0.44503629764065344,20,0.544116186693148,0.6854065,0.15154451,0.9148816,14.125901489721024
449,1ZHH,uL,17,0.4284936479128857,0.37855139415937966,11,0.544116186693148,0.6305489,0.18346539,0.92810464,13.97203988838119
450,1ZHH,uL,18,0.6228675136116153,0.5558303085299454,16,0.544116186693148,0.44237483,0.08694359,0.66744626,12.93275805574987
451,1ZHH,uL,19,0.6081669691470054,0.5659146379623256,58,0.544116186693148,0.6411662,0.22907808,0.98419595,15.82915363952155
452,1ZHH,uL,20,0.48130671506352085,0.4692427908852592,36,0.544116186693148,0.49442247,0.09803024,0.7100645,11.982610271030136
453,1ZHH,uL,21,0.6675136116152449,0.6532976593634815,97,0.544116186693148,0.69999605,0.21945035,0.99338806,11.579285446829168
454,1CGI,uR,0,0.9039455782312925,0.8773877551020408,5,0.9070872970702225,0.53282285,0.13494231,0.8008254,14.246877110975081
455,1CGI,uR,1,0.8787755102040816,0.8870748299319728,2,0.9070872970702225,0.42583117,0.1388856,0.68486875,13.416368670842267
456,1CGI,uR,2,0.8687074829931973,0.9019501133786848,6,0.9070872970702225,0.47263873,0.13627788,0.8062174,14.75809170964284
457,1CGI,uR,3,0.8846258503401361,0.8941043083900228,3,0.9070872970702225,0.45767054,0.095785305,0.6527791,11.771465142866484
458,1CGI,uR,4,0.9088435374149659,0.9195918367346938,2,0.9070872970702225,0.46624228,0.11386782,0.7294693,12.206620818952572
459,1CGI,uR,5,0.8946938775510205,0.8998866213151926,6,0.9070872970702225,0.4093507,0.06165574,0.5562637,14.337216227672888
460,1CGI,uR,6,0.8752380952380951,0.893968253968254,3,0.9070872970702225,0.3811557,0.06906617,0.56519616,14.332291587837052
461,1CGI,uR,7,0.9202721088435375,0.9193391642371235,7,0.9070872970702225,0.51223737,0.16417648,0.8570295,12.638285721422045
462,1CGI,uR,8,0.937142857142857,0.918660387231816,13,0.9070872970702225,0.45882538,0.13944037,0.89001846,13.705531228051434
463,1CGI,uR,9,0.9448979591836734,0.9397142857142857,10,0.9070872970702225,0.5464005,0.17765169,0.9090124,12.379207676030742
464,1CGI,uR,10,0.8346938775510204,0.856281179138322,6,0.9070872970702225,0.4147125,0.10617237,0.6675213,12.556879493907058
465,1CGI,uR,11,0.8348299319727891,0.8520816326530612,15,0.9070872970702225,0.39253134,0.056277484,0.50879693,15.30504474978589
466,1CGI,uR,12,0.8722448979591836,0.8604761904761906,38,0.9070872970702225,0.45601434,0.16079867,0.8385001,9.197692989263428
467,1CGI,uR,13,0.9295238095238095,0.9283570213799806,224,0.9070872970702225,0.62784654,0.15945238,0.9200308,14.264933690509547
468,1CGI,uL,0,0.7387755102040816,0.7335807050092765,11,0.8842859853104588,0.5627654,0.11294716,0.77428156,9.95373130007174
469,1CGI,uL,1,0.8489795918367347,0.780952380952381,5,0.8842859853104588,0.5441806,0.14336921,0.75910574,10.383723643485348
470,1CGI,uL,2,0.7891156462585034,0.7719727891156462,5,0.8842859853104588,0.68772465,0.23723643,0.97763264,10.284486128732533
471,1CGI,uL,3,0.8095238095238095,0.7738095238095238,4,0.8842859853104588,0.61442965,0.179964,0.8864414,9.75488590191479
472,1CGI,uL,4,0.7768707482993197,0.7845804988662132,3,0.8842859853104588,0.5668171,0.16126138,0.8470853,8.778734137951666
473,1CGI,uL,5,0.8163265306122449,0.8421768707482994,6,0.8842859853104588,0.62923867,0.1925565,0.9298605,10.518029132996139
474,1CGI,uL,6,0.8952380952380952,0.9028473664915068,334,0.8842859853104588,0.6914041,0.1803269,0.9348487,9.773422178490137
475,2UUY,uR,0,0.7660860291503733,0.6302435122644864,4,0.667056622426044,0.48322225,0.123297475,0.6995968,15.622960649066073
476,2UUY,uR,1,0.6057589761820121,0.5758531816565944,4,0.667056622426044,0.3882893,0.07638587,0.5504615,12.179069934847005
477,2UUY,uR,2,0.3080341272662638,0.4538748666903662,4,0.667056622426044,0.49030977,0.121001266,0.74613726,8.306946820432582
478,2UUY,uR,3,0.6747244934233914,0.6512619978670459,2,0.667056622426044,0.37949994,0.078155875,0.57319844,11.04107304308918
479,2UUY,uR,4,0.19534305012442232,0.26182012086740136,2,0.667056622426044,0.4055132,0.097612284,0.61260015,5.689572118309503
480,2UUY,uR,5,0.4948453608247423,0.5796302879488091,5,0.667056622426044,0.4049402,0.09404906,0.541062,11.477481982666966
481,2UUY,uR,6,0.7129399217916815,0.6352055930797489,3,0.667056622426044,0.3794993,0.07793585,0.5820527,9.79291003808198
482,2UUY,uR,7,0.6507287593316744,0.7520948656746737,7,0.667056622426044,0.42921063,0.07419249,0.5694555,8.701898558658167
483,2UUY,uR,8,0.876821898329186,0.7608247422680413,5,0.667056622426044,0.40718582,0.06891196,0.51553583,10.396310615935393
484,2UUY,uR,9,0.3378954852470672,0.5112868823320299,6,0.667056622426044,0.36704442,0.06895185,0.52926874,11.58317628270722
485,2UUY,uR,10,0.818165659438322,0.7573002894723478,7,0.667056622426044,0.55426943,0.16070257,0.8415496,13.236528088941313
486,2UUY,uR,11,0.568610024884465,0.5451612021110777,13,0.667056622426044,0.6041718,0.14292021,0.8281862,8.810816258222049
487,2UUY,uR,12,0.5851404194809812,0.7193006957493272,14,0.667056622426044,0.42286578,0.07232959,0.5826979,8.338159584711285
488,2UUY,uR,13,0.7966583718450053,0.6970047075806053,66,0.667056622426044,0.6026158,0.23057012,0.97326005,10.1057895677865
489,2UUY,uR,14,0.7826164237468894,0.8294606211421001,55,0.667056622426044,0.498375,0.11875341,0.7142064,11.217569170890009
490,2UUY,uR,15,0.6645929612513332,0.7908862985761594,38,0.667056622426044,0.5244731,0.14871328,0.7892448,12.502051334314828
491,2UUY,uL,0,0.5432372505543237,0.33924611973392454,3,0.5327868128373424,0.38712665,0.100489445,0.5588107,4.3624020867660995
492,2UUY,uL,1,0.3547671840354767,0.25055432372505543,4,0.5327868128373424,0.44449362,0.09124232,0.5983061,9.02833878617273
493,2UUY,uL,2,0.9423503325942351,0.8829761024882976,9,0.5327868128373424,0.4284857,0.10443143,0.66257375,6.337687188850095
494,2UUY,uL,3,0.16851441241685144,0.2483370288248337,2,0.5327868128373424,0.39488408,0.054535504,0.5181186,8.54350349062363
495,2UUY,uL,4,0.07538802660753881,0.09386548410938654,3,0.5327868128373424,0.41628358,0.09573508,0.5602493,6.264250998373724
496,2UUY,uL,5,0.3614190687361419,0.38285291943828526,6,0.5327868128373424,0.45958158,0.12584648,0.737606,6.734367766916401
497,2UUY,uL,6,0.7583148558758316,0.6953436807095343,10,0.5327868128373424,0.46786943,0.14461443,0.7639908,6.872616837024376
498,2UUY,uL,7,0.7849223946784922,0.7869813113715551,14,0.5327868128373424,0.55588025,0.13403647,0.78496933,9.09913931833048
499,2UUY,uL,8,0.4878048780487805,0.5257452574525745,9,0.5327868128373424,0.44001338,0.11190454,0.708692,10.216467170880993
500,2UUY,uL,9,0.35920177383592017,0.4106922887410693,54,0.5327868128373424,0.4880607,0.14064103,0.7112651,9.740515374290762
501,2UUY,uL,10,0.9334811529933481,0.8500629232336548,37,0.5327868128373424,0.628755,0.17749682,0.8584537,8.091352005284207
502,2UUY,uL,11,0.6363636363636364,0.7420546932742056,6,0.5327868128373424,0.4346358,0.077472106,0.5844913,6.231660600125476
503,2UUY,uL,12,0.2971175166297117,0.5561998976633122,13,0.5327868128373424,0.38517532,0.091324374,0.62499124,6.661013068811937
504,2UUY,uL,13,0.34589800443458973,0.3985587583148558,48,0.5327868128373424,0.73789287,0.14430466,0.92499626,9.234687051221952
505,2UUY,uL,14,0.40354767184035484,0.5282089184528209,18,0.5327868128373424,0.5304232,0.115255326,0.7260129,7.689469433838399
506,2UUY,uL,15,0.4567627494456763,0.4956332865740532,49,0.5327868128373424,0.568634,0.18271098,0.8834575,9.247258046918162
507,2HQS,uR,0,0.8254635187408297,0.7567360277444312,6,0.7574113302908713,0.5781426,0.16185284,0.79650676,10.068502128914556
508,2HQS,uR,1,0.7801787381619314,0.7710584233693477,4,0.7574113302908713,0.44441807,0.08833978,0.53474724,3.743689204105977
509,2HQS,uR,2,0.7438975590236094,0.7263127473211507,6,0.7574113302908713,0.41528723,0.08833947,0.5848001,11.400135866466384
510,2HQS,uR,3,0.9515806322529012,0.9204570717175758,6,0.7574113302908713,0.4637718,0.106144734,0.7225156,12.25203953960626
511,2HQS,uR,4,0.865079365079365,0.8747276688453158,9,0.7574113302908713,0.4649995,0.092667684,0.6400061,15.809840521706272
512,2HQS,uR,5,0.930172068827531,0.9037329217401248,7,0.7574113302908713,0.4911313,0.15712748,0.85466456,17.979674044386158
513,2HQS,uR,6,0.8211284513805522,0.8594548930683383,12,0.7574113302908713,0.5898253,0.19004159,0.93905705,15.921401040914473
514,2HQS,uR,7,0.8612111511271174,0.8861258789229979,7,0.7574113302908713,0.3909052,0.08202589,0.6431118,15.500213835040405
515,2HQS,uR,8,0.8771508603441377,0.9341069761237828,15,0.7574113302908713,0.44170603,0.114869826,0.7237125,15.62056052930801
516,2HQS,uR,9,0.8977591036414566,0.906818282868703,12,0.7574113302908713,0.42743132,0.0941549,0.6228782,16.605067116483095
517,2HQS,uR,10,0.8287314925970388,0.7301825492101601,14,0.7574113302908713,0.4289929,0.12759624,0.6564723,14.253446870906748
518,2HQS,uR,11,0.7892490329465119,0.733610110710951,16,0.7574113302908713,0.46830735,0.111786164,0.71691436,14.017205234851373
519,2HQS,uR,12,0.7147525676937441,0.6888794733579706,17,0.7574113302908713,0.5883834,0.190699,0.88658834,13.643383599519169
520,2HQS,uR,13,0.7190876350540216,0.6914937692248617,33,0.7574113302908713,0.62733334,0.18357873,0.92834675,11.893258019560552
521,2HQS,uR,14,0.7190876350540216,0.7094858615280737,129,0.7574113302908713,0.60374576,0.19377083,0.92789626,11.723233942414195
522,2HQS,uL,0,0.7317073170731707,0.676260162601626,3,0.6925245360023322,0.36917597,0.08330519,0.5714646,12.444344077718425
523,2HQS,uL,1,0.5,0.5763414634146342,2,0.6925245360023322,0.41180015,0.10000574,0.57552767,4.2285242816576
524,2HQS,uL,2,0.6814634146341464,0.6717073170731707,4,0.6925245360023322,0.42286348,0.08592747,0.61004865,9.418421468164574
525,2HQS,uL,3,0.56,0.5526829268292683,5,0.6925245360023322,0.43438625,0.13027182,0.7158119,10.895923154728578
526,2HQS,uL,4,0.7326829268292683,0.7443902439024389,11,0.6925245360023322,0.4176299,0.051806554,0.51189756,7.596078530780562
527,2HQS,uL,5,0.6502439024390244,0.6517886178861789,6,0.6925245360023322,0.41895702,0.1070451,0.74070966,12.38423184210333
528,2HQS,uL,6,0.8482926829268292,0.7794678492239467,11,0.6925245360023322,0.5799234,0.18746233,0.8426585,9.135725654552951
529,2HQS,uL,7,0.644390243902439,0.5642508710801394,7,0.6925245360023322,0.3861009,0.1003859,0.6520211,7.31312166466048
530,2HQS,uL,8,0.6741463414634147,0.6675609756097561,8,0.6925245360023322,0.4126849,0.10140766,0.65923154,10.110861508584403
531,2HQS,uL,9,0.7565853658536585,0.7316144018583043,21,0.6925245360023322,0.6070943,0.19450556,0.9350725,10.964262842786306
532,2HQS,uL,10,0.8482926829268292,0.7215420182637844,211,0.6925245360023322,0.47004914,0.1114753,0.6580335,10.581565984879132
533,2OOB,uR,0,0.24305555555555558,0.23665474186307522,396,0.25214420097388224,0.69863665,0.190678,0.92472064,8.083107101705547
534,2OOB,uL,0,0.7891246684350133,0.8405835543766578,5,0.9120943282572627,0.37817958,0.07592575,0.5481952,7.456087893905061
535,2OOB,uL,1,0.883289124668435,0.8779840848806366,4,0.9120943282572627,0.43894646,0.11380809,0.61826295,9.200167637838847
536,2OOB,uL,2,0.8806366047745359,0.8954907161803713,5,0.9120943282572627,0.42711127,0.07719366,0.5019304,2.6305567430546413
537,2OOB,uL,3,0.8846153846153846,0.8861626878868258,6,0.9120943282572627,0.48069915,0.1111928,0.72225815,9.290634255350223
538,2OOB,uL,4,0.8620689655172414,0.8126184160666919,7,0.9120943282572627,0.53411144,0.112674855,0.70098364,8.034525239280393
539,2OOB,uL,5,0.8740053050397878,0.8970822281167109,5,0.9120943282572627,0.39609313,0.07802949,0.5073851,7.115744824788075
540,2OOB,uL,6,0.9920424403183025,0.9869031830238727,8,0.9120943282572627,0.5219801,0.16159534,0.81020254,10.865428506150648
541,2OOB,uL,7,0.9416445623342176,0.9134916807330602,22,0.9120943282572627,0.56512433,0.20091273,0.85034764,10.153960979031645
542,2OOB,uL,8,0.896551724137931,0.91657824933687,10,0.9120943282572627,0.5131685,0.11441008,0.71827954,7.650057757979366
543,2OOB,uL,9,0.9310344827586207,0.9179708222811671,20,0.9120943282572627,0.6514241,0.1538526,0.85753447,9.386454088840543
544,2OOB,uL,10,0.9761273209549072,0.9557029177718832,40,0.9120943282572627,0.53145075,0.1456336,0.8191833,9.369940956120452
545,2OOB,uL,11,0.9761273209549072,0.9518757104964003,91,0.9120943282572627,0.74042845,0.18556833,0.93413675,8.852531838233391
546,2OOB,uL,12,0.8885941644562334,0.9156864538553005,145,0.9120943282572627,0.61673373,0.12766641,0.7691638,9.482891566476567
