cid,uniprot1,uniprot2,auc1,auc2,mafs_int1,mafs_int2,mp_int1,mp_int2,mauc,mp_int,mafs_int
0421,P36531,P36527,0.53,0.11,85.8,78.1,0.67,0.39,0.24,0.51,81.95
0688,P53062,P38770,0.24,0.27,91.0,89.3,0.09,0.27,0.25,0.16,90.15
1083,Q3E731,Q02771,0.33,0.22,70.9,79.1,0.51,0.41,0.27,0.46,75.0
0350,P33759,P40496,0.19,0.39,91.4,88.2,0.02,0.47,0.27,0.1,89.8
0846,Q03281,P47048,0.33,0.26,90.4,91.6,0.05,0.02,0.29,0.03,91.0
0203,P23644,P49334,0.39,0.23,93.7,91.5,0.17,0.66,0.3,0.33,92.6
0359,P34162,P19263,0.4,0.22,80.1,70.4,0.02,0.03,0.3,0.02,75.25
0416,P36526,P32387,0.71,0.15,80.5,89.5,0.71,0.16,0.33,0.34,85.0
0199,P22354,P53881,0.26,0.48,91.4,89.0,0.15,0.33,0.35,0.22,90.2
0353,P33759,Q03799,0.34,0.38,81.8,90.6,0.05,0.12,0.36,0.08,86.2
0049,P04456,P53261,0.91,0.15,81.0,92.0,0.98,0.01,0.37,0.1,86.5
0498,P38886,Q08723,0.7,0.2,78.1,83.3,0.09,0.08,0.37,0.08,80.7
0112,P10663,P53305,0.42,0.33,93.1,90.4,0.38,0.61,0.37,0.48,91.75
0956,Q07350,Q99181,0.31,0.45,81.7,86.3,0.22,0.03,0.37,0.08,84.0
0465,P38429,P40505,0.35,0.39,81.6,92.8,0.34,0.73,0.37,0.5,87.2
0029,O14467,P39939,0.16,0.85,72.0,86.7,0.08,0.65,0.37,0.23,79.35
0364,P34247,Q12136,0.21,0.66,83.2,67.2,0.22,0.78,0.37,0.41,75.2
0239,P26784,P14126,0.16,0.9,83.6,66.0,0.03,0.49,0.38,0.12,74.8
1077,Q12690,O14455,0.67,0.22,90.2,87.1,0.44,0.04,0.38,0.13,88.65
0295,P32529,P50106,0.19,0.77,89.5,81.0,0.07,0.99,0.38,0.26,85.25
0157,P17890,P47076,0.21,0.75,80.9,85.6,0.63,0.71,0.4,0.67,83.25
0525,P39742,P14906,0.42,0.39,90.2,89.5,0.26,0.03,0.4,0.09,89.85
0010,A6ZPJ1,Q05775,0.45,0.35,88.8,71.7,0.08,0.82,0.4,0.26,80.25
0226,P25574,P40540,0.93,0.18,79.2,73.6,0.83,0.39,0.41,0.57,76.4
0293,P32527,P0C2H8,0.43,0.39,88.9,64.3,0.05,0.05,0.41,0.05,76.6
0534,P40040,Q07478,0.42,0.4,84.3,91.9,0.08,0.01,0.41,0.03,88.1
1100,Q99216,Q04500,0.69,0.24,91.5,85.5,0.29,0.38,0.41,0.33,88.5
0556,P40359,Q01454,0.35,0.47,82.9,81.6,0.14,0.02,0.41,0.05,82.25
0781,P80667,P39108,0.36,0.49,69.8,91.4,0.33,0.02,0.42,0.08,80.6
0142,P15731,P40072,0.63,0.28,90.3,89.0,0.06,0.32,0.42,0.14,89.65
0394,P36121,Q04307,0.47,0.39,81.8,88.0,0.51,0.48,0.43,0.49,84.9
0645,P47142,Q04272,0.65,0.28,88.6,86.8,0.09,0.43,0.43,0.2,87.7
0807,Q02554,Q07350,0.41,0.45,65.1,79.9,0.66,0.33,0.43,0.47,72.5
0820,Q02776,P49334,0.41,0.46,82.8,75.0,0.12,0.79,0.43,0.31,78.9
0854,Q03370,Q06169,0.38,0.51,75.3,76.0,0.31,0.47,0.44,0.38,75.65
0102,P0CX40,P0CX48,0.3,0.68,87.3,75.3,0.04,0.31,0.45,0.11,81.3
0756,P53875,P36532,0.35,0.58,88.2,76.4,0.05,0.73,0.45,0.19,82.3
0342,P33421,Q08749,0.57,0.37,92.7,83.8,0.61,0.51,0.46,0.56,88.25
0461,P38336,P40571,0.79,0.27,86.5,86.4,0.75,0.29,0.46,0.47,86.45
1032,Q12232,P40085,0.46,0.48,66.2,77.1,0.47,0.18,0.47,0.29,71.65
0786,Q00723,P38282,0.7,0.32,83.5,79.4,0.31,0.48,0.47,0.39,81.45
0326,P32910,P41910,0.51,0.44,85.1,76.6,0.21,0.14,0.47,0.17,80.85
0875,Q03976,P53305,0.29,0.76,94.7,91.8,0.3,0.91,0.47,0.52,93.25
0299,P32585,P38304,0.52,0.43,69.6,59.0,0.22,0.87,0.47,0.44,64.3
1006,Q12030,P38129,0.34,0.66,82.4,90.5,0.71,0.07,0.47,0.22,86.45
1090,Q3E823,P52871,0.68,0.33,69.9,80.5,0.62,0.7,0.47,0.66,75.2
0314,P32897,P39515,0.45,0.49,85.4,89.1,0.42,0.51,0.47,0.46,87.25
0104,P0CX50,P02406,0.57,0.41,73.1,75.4,0.26,0.25,0.48,0.25,74.25
0620,P46961,Q04082,0.74,0.31,81.2,70.1,0.33,0.66,0.48,0.47,75.65
0794,Q01852,P39515,0.53,0.43,69.5,78.5,0.36,0.45,0.48,0.4,74.0
0433,P38148,P40054,0.95,0.24,76.2,92.3,0.26,0.06,0.48,0.12,84.25
0840,Q03103,Q99316,0.61,0.38,80.0,84.4,0.09,0.03,0.48,0.05,82.2
0259,P29453,P53261,0.36,0.67,85.4,84.2,0.04,0.44,0.49,0.13,84.8
0366,P35178,P10962,0.82,0.29,91.6,91.4,0.2,0.08,0.49,0.13,91.5
1105,Q99380,P39007,0.46,0.53,86.1,89.4,0.58,0.16,0.49,0.3,87.75
0431,P38120,Q01163,0.33,0.74,93.2,89.6,0.14,0.05,0.49,0.08,91.4
0322,P32905,Q08444,0.47,0.51,92.6,85.9,0.08,0.28,0.49,0.15,89.25
0469,P38624,P30657,0.46,0.52,86.3,80.6,0.22,0.4,0.49,0.3,83.45
0806,Q02554,P19736,0.32,0.77,86.9,82.1,0.37,0.36,0.5,0.36,84.5
0444,P38255,Q07458,0.52,0.48,65.5,80.3,0.77,0.05,0.5,0.2,72.9
1069,Q12488,P24482,0.39,0.63,74.9,72.5,0.26,0.18,0.5,0.22,73.7
0564,P40496,P17558,0.43,0.59,86.4,86.5,0.44,0.7,0.5,0.55,86.45
0355,P33891,P28791,0.6,0.41,83.4,71.5,0.08,0.28,0.5,0.15,77.45
0589,P41735,O13525,0.34,0.75,86.9,74.1,0.04,0.53,0.5,0.15,80.5
0936,Q06344,P0CX48,0.29,0.87,86.1,88.2,0.12,0.75,0.5,0.3,87.15
0683,P52286,Q08446,0.36,0.7,75.4,84.0,0.11,0.51,0.5,0.24,79.7
0791,Q01590,P22804,0.68,0.39,66.2,75.5,0.61,0.72,0.51,0.66,70.85
0319,P32904,P19956,0.61,0.43,90.6,81.3,0.38,0.08,0.51,0.17,85.95
0044,P00854,P05626,0.53,0.49,86.1,87.5,0.21,0.84,0.51,0.42,86.8
0753,P53859,Q08285,0.62,0.42,90.2,89.0,0.31,0.06,0.51,0.14,89.6
0650,P47150,P38120,0.89,0.29,86.7,90.2,0.95,0.07,0.51,0.26,88.45
0697,P53112,P35056,0.6,0.44,71.7,81.9,0.81,0.2,0.51,0.4,76.8
0096,P0CX24,P05737,0.33,0.83,94.3,93.2,0.1,0.19,0.52,0.14,93.75
0426,P36534,P39952,0.28,0.95,92.8,88.4,0.36,0.95,0.52,0.58,90.6
0865,Q03630,Q99394,0.35,0.76,82.4,80.1,0.06,0.41,0.52,0.16,81.25
0288,P32501,P32502,0.5,0.55,82.4,76.6,0.06,0.37,0.52,0.15,79.5
0403,P36154,P53303,0.55,0.49,81.9,85.8,0.08,0.1,0.52,0.09,83.85
0584,P41543,P33767,0.62,0.43,84.4,74.7,0.17,0.07,0.52,0.11,79.55
0536,P40055,E7QBZ1,0.89,0.3,76.1,92.5,0.6,0.08,0.52,0.22,84.3
0279,P32447,Q07794,0.32,0.86,78.7,81.1,0.26,0.46,0.52,0.35,79.9
0414,P36521,P19956,0.35,0.77,88.8,85.6,0.03,0.27,0.52,0.09,87.2
0210,P24280,P38797,0.48,0.59,85.9,94.5,0.01,0.03,0.53,0.02,90.2
0075,P06839,Q04673,0.52,0.55,92.6,92.6,0.1,0.09,0.53,0.09,92.6
0059,P05739,P38754,0.56,0.51,95.6,95.2,0.44,0.2,0.53,0.3,95.4
0814,Q02753,P26321,0.35,0.8,82.3,66.4,0.24,0.21,0.53,0.22,74.35
0491,P38843,A6ZS21,0.86,0.33,84.3,73.2,0.08,0.9,0.53,0.27,78.75
0464,P38351,Q06697,0.4,0.7,69.2,78.3,0.69,0.48,0.53,0.58,73.75
1086,Q3E7B2,P32335,0.33,0.84,91.4,92.6,0.57,0.08,0.53,0.21,92.0
0947,Q06630,P32387,0.73,0.39,82.1,90.9,0.12,0.4,0.53,0.22,86.5
0443,P38255,P31385,0.5,0.56,74.3,88.5,0.8,0.89,0.53,0.84,81.4
0677,P50091,P07284,0.67,0.42,77.7,92.8,0.69,0.06,0.53,0.2,85.25
0853,Q03337,Q03784,0.59,0.49,85.1,78.3,0.22,0.1,0.54,0.15,81.7
0676,P50087,Q96VH5,0.31,0.95,87.5,82.4,0.71,0.99,0.54,0.84,84.95
0749,P53843,P69771,0.61,0.47,87.0,80.6,0.09,0.73,0.54,0.26,83.8
0031,P00127,P07143,0.8,0.37,89.9,92.5,0.68,0.08,0.54,0.23,91.2
0902,Q04839,P20449,0.35,0.82,77.8,92.1,0.73,0.11,0.54,0.28,84.95
0258,P29453,P0C2H6,0.75,0.39,74.8,86.1,0.69,0.02,0.54,0.12,80.45
0327,P32911,A6ZN26,0.3,0.99,83.7,56.8,0.07,0.74,0.54,0.23,70.25
0202,P23369,P36533,0.99,0.31,95.3,96.1,0.98,0.06,0.55,0.24,95.7
1059,Q12431,P40540,0.48,0.64,90.4,88.5,0.34,0.78,0.55,0.51,89.45
0909,Q05027,P38129,0.57,0.53,85.3,92.5,0.9,0.1,0.55,0.3,88.9
1055,Q12417,P52868,0.39,0.78,90.8,79.5,0.05,0.67,0.55,0.18,85.15
0215,P25337,Q06525,0.57,0.54,90.7,78.4,0.04,0.22,0.55,0.09,84.55
0818,Q02776,P36147,0.77,0.4,81.7,89.0,0.62,0.37,0.55,0.48,85.35
0298,P32585,P32569,0.63,0.5,67.9,62.4,0.49,0.34,0.56,0.41,65.15
0419,P36528,P36531,0.96,0.33,85.6,90.4,0.95,0.29,0.56,0.52,88.0
0603,P43588,P32565,0.35,0.89,76.5,89.3,0.13,0.34,0.56,0.21,82.9
0578,P40568,P47149,0.54,0.58,75.2,80.5,0.77,0.89,0.56,0.83,77.85
0283,P32494,Q03330,0.67,0.47,72.4,88.3,0.89,0.24,0.56,0.46,80.35
0225,P25574,P36039,0.91,0.34,84.4,81.6,0.8,0.29,0.56,0.48,83.0
0680,P50875,Q12060,0.46,0.69,70.5,65.0,0.3,0.83,0.56,0.5,67.75
0560,P40452,P36064,0.54,0.58,84.0,77.1,0.65,0.68,0.56,0.66,80.55
0341,P33411,Q02775,0.76,0.41,89.4,80.8,0.54,0.45,0.56,0.49,85.1
0515,P39515,Q02889,0.58,0.54,85.5,77.7,0.53,0.78,0.56,0.64,81.6
0025,E7QG89,Q12133,0.33,0.95,92.1,90.7,0.24,0.76,0.56,0.43,91.4
0358,P34087,P20435,0.41,0.77,92.1,90.0,0.15,0.85,0.56,0.36,91.05
0965,Q08032,P32354,0.38,0.83,84.5,80.7,0.01,0.66,0.56,0.08,82.6
0316,P32899,P34247,0.46,0.68,92.5,86.9,0.18,0.8,0.56,0.38,89.7
0220,P25443,Q3E754,0.71,0.45,89.1,87.9,0.57,0.6,0.57,0.58,88.5
1005,Q12024,P53261,0.5,0.64,79.6,58.7,0.02,0.31,0.57,0.08,69.15
0228,P25582,Q04031,0.45,0.72,87.0,80.6,0.23,0.69,0.57,0.4,83.8
1031,Q12229,Q08232,0.63,0.52,78.1,75.8,0.32,0.33,0.57,0.32,76.95
0554,P40344,A6ZT79,0.47,0.69,67.1,84.6,0.29,0.27,0.57,0.28,75.85
0054,P05626,Q12349,0.53,0.62,88.2,75.5,0.83,0.88,0.57,0.85,81.85
0163,P19263,P38633,0.85,0.38,64.4,78.6,0.85,0.14,0.57,0.34,71.5
0381,P36049,A6ZMA9,0.5,0.66,45.3,53.1,0.65,0.24,0.57,0.39,49.2
0158,P18410,P40499,0.52,0.62,93.6,92.1,0.62,0.2,0.57,0.35,92.85
0990,Q08749,Q12328,0.64,0.51,60.5,68.3,0.81,0.46,0.57,0.61,64.4
1036,Q12297,P38429,0.5,0.68,63.4,69.3,0.93,0.8,0.58,0.86,66.35
0432,P38120,Q03976,0.42,0.8,94.1,87.8,0.09,0.93,0.58,0.29,90.95
0154,P17558,Q02608,0.8,0.42,92.2,93.6,0.94,0.16,0.58,0.39,92.9
1013,Q12080,P53261,0.49,0.68,74.8,88.9,0.76,0.42,0.58,0.56,81.85
0682,P51998,Q02204,0.43,0.78,93.9,92.8,0.15,0.81,0.58,0.35,93.35
0981,Q08421,P40032,0.84,0.4,76.1,90.1,0.55,0.01,0.58,0.07,83.1
0928,Q06213,P25046,0.53,0.64,88.7,79.5,0.81,0.78,0.58,0.79,84.1
0390,P36107,Q06346,0.48,0.7,90.3,86.3,0.07,0.42,0.58,0.17,88.3
1084,Q3E790,P40970,0.49,0.69,78.0,91.5,0.61,0.42,0.58,0.51,84.75
0700,P53146,P28791,0.45,0.76,79.8,78.3,0.64,0.75,0.58,0.69,79.05
0241,P26786,P0C0W1,0.96,0.36,91.9,94.6,0.85,0.02,0.59,0.13,93.25
0245,P27680,P53318,0.52,0.68,92.0,93.3,0.02,0.03,0.59,0.02,92.65
0884,Q04305,Q06512,0.69,0.5,89.8,84.7,0.09,0.03,0.59,0.05,87.25
0305,P32800,Q05568,0.71,0.49,87.8,87.2,0.57,0.23,0.59,0.36,87.5
0770,P54780,P0CX85,0.42,0.84,94.4,93.3,0.08,0.31,0.59,0.16,93.85
0522,P39706,Q03012,0.73,0.48,87.0,89.9,0.29,0.17,0.59,0.22,88.45
0919,Q06090,P36516,0.63,0.56,90.7,95.8,0.77,0.27,0.59,0.46,93.25
0296,P32529,Q01080,0.49,0.71,87.8,82.3,0.28,0.36,0.59,0.32,85.05
0001,A6ZM67,P38129,0.45,0.78,78.3,81.8,0.7,0.37,0.59,0.51,80.05
0118,P12687,P36528,0.58,0.6,89.6,88.8,0.23,0.47,0.59,0.33,89.2
0040,P00427,P00424,0.84,0.41,95.1,93.3,0.57,0.39,0.59,0.47,94.2
1088,Q3E7B6,P37296,0.66,0.52,76.7,76.0,0.53,0.27,0.59,0.38,76.35
0136,P14741,P32502,0.47,0.74,85.7,62.2,0.11,0.3,0.59,0.18,73.95
0003,A6ZMA9,Q08235,0.8,0.43,69.6,79.8,0.66,0.27,0.59,0.42,74.7
0101,P0CX36,P0CX38,0.37,0.97,94.3,92.1,0.01,0.84,0.6,0.09,93.2
0100,P0CX36,P0CX32,0.47,0.76,93.4,93.0,0.04,0.85,0.6,0.18,93.2
0141,P15731,P36096,0.44,0.83,82.3,83.4,0.04,0.15,0.6,0.08,82.85
0429,P38120,P32902,0.6,0.6,90.6,91.2,0.44,0.59,0.6,0.51,90.9
0273,P32342,P38688,0.92,0.39,83.4,84.0,0.87,0.1,0.6,0.29,83.7
0520,P39706,P38123,0.79,0.46,83.9,90.6,0.46,0.04,0.6,0.14,87.25
0527,P39743,P53150,0.74,0.48,96.0,91.7,0.85,0.26,0.6,0.47,93.85
0817,Q02776,P32897,0.56,0.65,88.0,69.2,0.37,0.86,0.6,0.56,78.6
0501,P38910,P19882,0.38,0.96,70.6,86.3,0.17,0.62,0.6,0.32,78.45
0532,P39952,Q06668,0.64,0.56,76.2,88.3,0.56,0.22,0.6,0.35,82.25
0577,P40568,P39731,0.67,0.54,57.8,84.9,0.96,0.77,0.6,0.86,71.35
0914,Q05775,Q03195,0.45,0.81,57.8,80.9,0.76,0.06,0.6,0.21,69.35
0037,P00410,Q01519,0.4,0.91,93.6,92.2,0.28,0.48,0.6,0.37,92.9
0500,P38907,Q06675,0.62,0.59,83.8,85.7,0.32,0.42,0.6,0.37,84.75
0408,P36519,P36520,0.37,0.96,75.5,75.8,0.19,0.97,0.6,0.43,75.65
0732,P53335,P53131,0.73,0.49,67.9,85.1,0.93,0.01,0.6,0.1,76.5
0187,P21957,P26798,0.7,0.52,84.3,70.6,0.74,0.85,0.6,0.79,77.45
0497,P38886,Q04062,0.59,0.61,84.7,75.4,0.03,0.05,0.6,0.04,80.05
0819,Q02776,P39515,0.82,0.44,83.3,76.1,0.71,0.53,0.6,0.61,79.7
0462,P38336,P40993,0.64,0.57,89.3,85.0,0.3,0.52,0.6,0.39,87.15
0716,P53256,Q05636,0.57,0.64,93.1,87.7,0.23,0.19,0.6,0.21,90.4
0782,P87108,O74700,0.46,0.82,91.3,95.3,0.86,0.91,0.61,0.88,93.3
0325,P32910,P29056,0.54,0.7,62.6,61.3,0.45,0.77,0.61,0.59,61.95
0665,P48240,P53859,0.46,0.82,82.5,81.5,0.36,0.74,0.61,0.52,82.0
0780,P69851,P69852,0.67,0.55,92.8,93.6,0.87,0.84,0.61,0.85,93.2
0449,P38293,P25043,0.44,0.84,79.7,85.3,0.48,0.81,0.61,0.62,82.5
0632,P47017,P25644,0.38,0.99,74.9,67.8,0.42,0.95,0.61,0.63,71.35
0263,P30657,P25043,0.87,0.43,81.0,94.4,0.77,0.18,0.61,0.37,87.7
0662,P48234,Q06631,0.57,0.66,90.4,84.4,0.2,0.92,0.61,0.43,87.4
0189,P22139,P16370,0.66,0.57,85.4,91.4,0.64,0.37,0.61,0.49,88.4
1025,Q12159,Q07478,0.73,0.52,79.1,84.4,0.72,0.04,0.62,0.17,81.75
0321,P32905,P25443,0.59,0.65,88.2,82.3,0.12,0.45,0.62,0.23,85.25
1024,Q12153,Q06511,0.63,0.62,85.1,87.9,0.57,0.79,0.62,0.67,86.5
0140,P15731,P34909,0.41,0.94,81.9,81.0,0.02,0.95,0.62,0.14,81.45
0710,P53220,P39515,0.89,0.43,76.9,79.3,0.86,0.51,0.62,0.66,78.1
0715,P53256,P53859,0.55,0.7,85.3,65.6,0.37,0.56,0.62,0.46,75.45
0457,P38326,P31376,0.59,0.65,62.7,63.8,0.83,0.47,0.62,0.62,63.25
0906,Q04969,P46965,0.47,0.81,83.3,75.6,0.09,0.97,0.62,0.3,79.45
0278,P32447,Q04199,0.42,0.91,90.3,86.1,0.25,0.6,0.62,0.39,88.2
1080,Q12690,P0CX85,0.4,0.97,85.8,89.2,0.11,0.79,0.62,0.29,87.5
0933,Q06263,P52917,0.62,0.63,92.3,93.0,0.44,0.08,0.62,0.19,92.65
0619,P46961,P53306,0.46,0.83,85.7,89.6,0.11,0.5,0.62,0.23,87.65
0750,P53845,P53039,0.72,0.53,83.9,82.1,0.12,0.1,0.62,0.11,83.0
0401,P36149,Q03784,0.68,0.56,79.1,77.8,0.54,0.22,0.62,0.34,78.45
0077,P07251,P22135,0.58,0.67,84.4,83.3,0.12,0.27,0.62,0.18,83.85
0427,P36534,P53881,0.42,0.92,88.2,73.9,0.49,0.95,0.62,0.68,81.05
0537,P40055,P40362,0.42,0.93,68.3,63.7,0.05,0.72,0.62,0.19,66.0
0931,Q06224,P35728,0.67,0.58,87.2,84.9,0.24,0.2,0.62,0.22,86.05
0269,P31334,P25626,0.4,0.99,94.1,88.0,0.3,0.87,0.63,0.51,91.05
0252,P28778,P40033,0.93,0.43,94.7,92.2,0.89,0.22,0.63,0.44,93.45
0129,P13517,P53250,0.49,0.8,86.4,73.0,0.24,0.34,0.63,0.29,79.7
0912,Q05498,P33750,0.51,0.78,90.0,92.7,0.09,0.31,0.63,0.17,91.35
0190,P22141,P30656,0.73,0.55,91.4,87.0,0.18,0.28,0.63,0.22,89.2
0048,P04456,P0CX85,0.65,0.62,90.9,91.7,0.32,0.27,0.63,0.29,91.3
1041,Q12315,P20449,0.61,0.65,90.1,78.1,0.07,0.1,0.63,0.08,84.1
0425,P36534,P36526,0.8,0.5,81.3,83.3,0.89,0.66,0.63,0.77,82.3
0193,P22289,P07143,0.75,0.53,95.6,96.4,0.9,0.23,0.63,0.45,96.0
0529,P39744,P10962,0.98,0.4,67.6,78.4,0.88,0.25,0.63,0.47,73.0
0559,P40422,P16370,0.94,0.42,80.1,92.9,0.96,0.16,0.63,0.39,86.5
0004,A6ZMI6,Q06537,0.77,0.51,88.0,82.8,0.83,0.39,0.63,0.57,85.4
0568,P40496,P53292,0.53,0.76,88.7,89.1,0.74,0.88,0.63,0.81,88.9
0696,P53108,P53039,0.67,0.59,79.6,84.4,0.17,0.07,0.63,0.11,82.0
0733,P53397,P28519,0.95,0.43,68.3,85.8,0.23,0.06,0.64,0.12,77.05
0583,P40991,Q06205,0.94,0.43,72.0,85.4,0.86,0.13,0.64,0.33,78.7
0593,P41834,P28791,0.59,0.69,69.9,74.5,0.74,0.67,0.64,0.7,72.2
1004,Q12024,A6ZMA9,0.88,0.46,86.6,78.3,0.3,0.25,0.64,0.27,82.45
0398,P36145,P41896,0.7,0.58,74.2,77.2,0.83,0.5,0.64,0.64,75.7
0569,P40496,Q02950,0.64,0.65,91.0,87.2,0.61,0.5,0.64,0.55,89.1
0395,P36131,P53168,0.68,0.6,67.0,80.4,0.95,0.92,0.64,0.93,73.7
0035,P00163,P08525,0.7,0.59,95.7,91.1,0.13,0.86,0.64,0.33,93.4
0544,P40079,Q06132,0.56,0.73,66.0,73.6,0.83,0.24,0.64,0.45,69.8
0980,Q08285,Q05636,0.86,0.48,91.8,91.3,0.48,0.08,0.64,0.2,91.55
0108,P0CX56,P07281,0.57,0.71,92.0,87.8,0.33,0.25,0.64,0.29,89.9
0911,Q05123,Q12406,0.74,0.56,92.8,91.9,0.2,0.07,0.64,0.12,92.35
0711,P53239,P40990,0.74,0.56,75.3,89.1,0.54,0.07,0.64,0.19,82.2
0540,P40065,P25651,0.72,0.57,74.8,92.0,0.87,0.72,0.64,0.79,83.4
0052,P05317,P0CX54,0.41,1.0,87.8,80.4,0.02,0.8,0.64,0.13,84.1
0058,P05739,P38061,0.92,0.44,77.5,89.1,0.89,0.31,0.64,0.53,83.3
0507,P39007,P33767,0.61,0.67,79.1,88.8,0.37,0.14,0.64,0.23,83.95
0830,Q02950,P40033,0.45,0.91,86.0,86.2,0.37,0.8,0.64,0.54,86.1
0776,P54790,P54791,0.54,0.76,82.9,68.1,0.04,0.3,0.64,0.11,75.5
0581,P40958,P40957,0.92,0.46,89.1,85.9,0.76,0.81,0.65,0.78,87.5
0386,P36080,Q12153,0.7,0.6,80.4,82.1,0.74,0.48,0.65,0.6,81.25
0783,P87262,P0C2H6,0.43,0.99,93.5,93.5,0.3,0.9,0.65,0.52,93.5
0845,Q03246,P21771,0.84,0.5,87.0,87.7,0.81,0.18,0.65,0.38,87.35
0175,P20606,P11655,0.91,0.46,57.8,86.8,0.7,0.01,0.65,0.08,72.3
0602,P43569,P39954,0.81,0.52,86.1,85.6,0.21,0.02,0.65,0.06,85.85
0026,O13297,Q01159,0.84,0.51,71.2,80.3,0.8,0.05,0.65,0.2,75.75
0144,P15790,P43639,0.55,0.78,90.9,83.9,0.01,0.78,0.65,0.09,87.4
0267,P30902,Q06405,0.69,0.61,86.0,70.5,0.97,0.85,0.65,0.91,78.25
0999,Q12004,Q02939,0.49,0.87,82.5,81.0,0.25,0.58,0.65,0.38,81.75
0971,Q08162,P46948,0.96,0.44,88.6,84.6,0.48,0.14,0.65,0.26,86.6
0722,P53277,Q04048,0.8,0.53,80.2,89.1,0.83,0.05,0.65,0.2,84.65
0076,P07251,P00830,0.49,0.87,80.1,75.8,0.06,0.63,0.65,0.19,77.95
0349,P33759,P27929,0.7,0.61,88.8,86.5,0.44,0.25,0.65,0.33,87.65
0775,P54790,P50874,0.66,0.64,74.2,73.6,0.19,0.21,0.65,0.2,73.9
0066,P05756,P42846,0.48,0.89,86.8,80.6,0.25,0.92,0.65,0.48,83.7
0171,P20084,P40858,0.95,0.44,91.7,96.4,0.75,0.23,0.65,0.42,94.05
0205,P23724,P25451,0.85,0.49,94.4,95.4,0.58,0.02,0.65,0.11,94.9
1062,Q12446,P38822,0.84,0.51,65.4,91.2,0.31,0.48,0.65,0.39,78.3
0565,P40496,P32902,0.82,0.51,88.5,91.3,0.89,0.45,0.65,0.63,89.9
0411,P36519,P36531,0.58,0.73,90.5,84.4,0.24,0.89,0.65,0.46,87.45
0177,P21242,P30657,0.86,0.49,91.8,83.4,0.4,0.16,0.65,0.25,87.6
0463,P38344,P05749,0.73,0.6,88.2,86.5,0.65,0.34,0.66,0.47,87.35
0053,P05317,Q05881,0.55,0.79,82.4,76.1,0.11,0.3,0.66,0.18,79.25
0974,Q08208,P21304,0.95,0.46,74.8,86.4,0.86,0.06,0.66,0.23,80.6
0570,P40496,Q03799,0.58,0.74,75.2,89.2,0.66,0.44,0.66,0.54,82.2
0057,P05739,P10962,0.75,0.58,80.3,82.6,0.54,0.4,0.66,0.46,81.45
0047,P04037,P32799,0.69,0.63,87.0,82.2,0.67,0.9,0.66,0.78,84.6
0164,P19263,P47822,0.61,0.71,74.9,80.6,0.49,0.88,0.66,0.66,77.75
0695,P53093,P53108,0.63,0.7,88.8,82.1,0.2,0.16,0.66,0.18,85.45
0836,Q03067,P50102,0.53,0.81,89.0,85.5,0.82,0.49,0.66,0.63,87.25
0590,P41735,Q05779,0.52,0.83,88.7,78.7,0.21,0.73,0.66,0.39,83.7
1008,Q12035,Q02354,0.58,0.74,72.3,83.1,0.83,0.34,0.66,0.53,77.7
0197,P22354,P36516,0.72,0.6,67.6,89.2,0.85,0.28,0.66,0.49,78.4
0400,P36149,Q03630,0.73,0.59,86.6,86.2,0.65,0.39,0.66,0.5,86.4
0958,Q07418,P28795,0.92,0.48,78.8,87.9,0.86,0.11,0.66,0.31,83.35
0831,Q02969,Q12462,0.83,0.53,65.3,87.3,0.71,0.38,0.66,0.52,76.3
0448,P38291,P41812,0.85,0.52,82.6,82.2,0.47,0.05,0.66,0.15,82.4
0122,P12754,P14741,0.5,0.88,88.6,84.6,0.05,0.53,0.66,0.16,86.6
0850,Q03330,Q02336,0.72,0.63,90.7,90.8,0.55,0.57,0.67,0.56,90.75
0816,Q02767,Q06696,0.77,0.59,87.4,73.5,0.61,0.46,0.67,0.53,80.45
0107,P0CX54,Q03305,0.88,0.51,80.9,74.3,0.55,0.25,0.67,0.37,77.6
0759,P53881,P51998,0.91,0.49,59.0,83.7,0.95,0.11,0.67,0.32,71.35
0989,Q08747,P04786,0.52,0.87,75.2,80.0,0.34,0.27,0.67,0.3,77.6
0693,P53079,Q04632,0.94,0.48,72.0,84.8,0.84,0.31,0.67,0.51,78.4
1052,Q12377,Q12250,0.6,0.75,83.1,82.7,0.16,0.28,0.67,0.21,82.9
0131,P14120,Q03862,0.63,0.72,82.8,73.6,0.06,0.07,0.67,0.06,78.2
0168,P19955,P19262,0.68,0.67,76.9,90.1,0.91,0.41,0.67,0.61,83.5
0275,P32367,Q12308,0.56,0.81,71.5,72.3,0.45,0.2,0.67,0.3,71.9
1002,Q12015,P36096,0.69,0.65,71.2,87.3,0.57,0.05,0.67,0.17,79.25
0235,P26448,P24869,0.48,0.94,86.0,56.3,0.16,0.93,0.67,0.39,71.15
1040,Q12309,Q03654,0.7,0.64,86.2,80.5,0.3,0.74,0.67,0.47,83.35
0626,P46984,P36132,0.69,0.66,85.3,87.1,0.74,0.12,0.67,0.3,86.2
0717,P53256,Q08285,0.81,0.55,90.5,88.5,0.49,0.27,0.67,0.36,89.5
0899,Q04673,P32776,0.53,0.84,88.9,80.4,0.25,0.89,0.67,0.47,84.65
0227,P25580,P09232,0.63,0.71,85.5,63.7,0.31,0.33,0.67,0.32,74.6
0428,P37299,P22289,0.67,0.69,87.6,88.4,0.75,0.82,0.68,0.78,88.0
0315,P32899,P25635,0.57,0.81,85.7,79.7,0.33,0.23,0.68,0.28,82.7
0805,Q02354,P40362,0.47,0.99,82.1,70.1,0.04,0.87,0.68,0.19,76.1
0424,P36534,P36525,0.71,0.66,93.6,94.0,0.79,0.19,0.68,0.39,93.8
1093,Q3E840,P40487,0.71,0.65,77.0,85.1,0.15,0.12,0.68,0.13,81.05
0039,P00420,P32799,0.55,0.83,92.8,91.2,0.27,0.94,0.68,0.5,92.0
0406,P36162,Q03954,0.71,0.65,89.7,88.6,0.96,0.94,0.68,0.95,89.15
0951,Q06815,Q04121,0.7,0.66,69.8,75.7,0.49,0.33,0.68,0.4,72.75
0385,P36068,P53971,0.64,0.72,82.0,70.1,0.13,0.59,0.68,0.28,76.05
1035,Q12255,P53209,0.88,0.53,86.8,82.9,0.85,0.49,0.68,0.65,84.85
0166,P19516,Q02771,0.69,0.67,84.4,77.3,0.54,0.79,0.68,0.65,80.85
0966,Q08032,P40359,0.73,0.63,81.9,89.3,0.05,0.55,0.68,0.17,85.6
0368,P35180,P49334,0.74,0.63,91.6,82.2,0.66,0.86,0.68,0.75,86.9
1065,Q12481,Q06506,0.82,0.57,80.2,93.0,0.71,0.16,0.68,0.34,86.6
0363,P34247,C7GWJ7,0.65,0.72,82.9,89.2,0.77,0.84,0.68,0.8,86.05
0646,P47142,Q06696,0.94,0.49,95.8,89.2,0.22,0.12,0.68,0.16,92.5
0612,P46670,P40987,0.79,0.59,72.2,83.2,0.54,0.05,0.68,0.16,77.7
0610,P46669,P36070,0.83,0.56,81.4,88.8,0.7,0.14,0.68,0.31,85.1
0924,Q06106,Q12481,0.94,0.49,78.7,86.1,0.8,0.23,0.68,0.43,82.4
0730,P53323,P36132,0.86,0.53,82.8,89.6,0.36,0.01,0.68,0.06,86.2
1020,Q12136,Q06512,0.68,0.69,69.0,85.0,0.8,0.21,0.68,0.41,77.0
0230,P25604,P53179,0.54,0.85,81.2,71.4,0.57,0.67,0.68,0.62,76.3
0992,Q08923,P31385,0.93,0.49,87.0,93.3,0.88,0.7,0.68,0.78,90.15
0255,P29453,A6ZMA9,0.53,0.87,85.1,82.2,0.31,0.86,0.68,0.52,83.65
0217,P25359,Q12149,0.51,0.9,80.5,75.8,0.43,0.93,0.68,0.63,78.15
0149,P16658,P39707,0.75,0.64,90.2,89.2,0.41,0.63,0.69,0.51,89.7
0723,P53277,Q12309,0.8,0.59,78.6,90.2,0.81,0.14,0.69,0.34,84.4
0630,P46989,Q12142,0.95,0.5,49.4,74.3,0.74,0.09,0.69,0.26,61.85
0998,Q12004,P32776,0.58,0.82,80.0,74.8,0.46,0.78,0.69,0.6,77.4
0213,P25299,P39081,0.6,0.8,77.2,69.9,0.52,0.72,0.69,0.61,73.55
0387,P36096,Q08232,0.7,0.69,90.8,77.2,0.04,0.46,0.69,0.14,84.0
0598,P43545,Q03144,0.49,0.98,95.3,94.2,0.06,0.09,0.69,0.07,94.75
0011,A6ZQE4,P43124,0.72,0.66,66.8,63.2,0.62,0.82,0.69,0.71,65.0
0799,Q02204,P36516,0.89,0.54,84.4,91.4,0.92,0.15,0.69,0.37,87.9
0993,Q08949,P48581,0.81,0.58,66.0,76.9,0.59,0.46,0.69,0.52,71.45
0405,P36162,P69852,0.64,0.74,88.5,88.2,0.87,0.93,0.69,0.9,88.35
0591,P41805,P0CX24,0.9,0.53,92.7,83.3,0.56,0.19,0.69,0.33,88.0
0927,Q06201,Q04110,0.68,0.71,87.2,81.9,0.83,0.93,0.69,0.88,84.55
0580,P40858,Q06090,0.63,0.76,95.2,89.7,0.52,0.87,0.69,0.67,92.45
0480,P38792,P46948,0.58,0.83,85.2,90.6,0.25,0.67,0.69,0.41,87.9
0651,P47150,Q01163,0.55,0.88,91.2,82.0,0.53,0.39,0.7,0.45,86.6
1096,Q6WNK7,P50102,0.62,0.79,84.5,82.3,0.72,0.34,0.7,0.49,83.4
0573,P40540,P47133,0.68,0.73,89.7,94.2,0.87,0.42,0.7,0.6,91.95
0382,P36049,P43586,0.64,0.77,79.8,79.7,0.88,0.72,0.7,0.8,79.75
0797,Q02199,P14907,0.69,0.72,73.1,74.7,0.91,0.93,0.7,0.92,73.9
0248,P28005,P38291,0.54,0.91,78.8,87.2,0.28,0.58,0.7,0.4,83.0
0957,Q07362,P53297,0.96,0.51,74.8,86.3,0.91,0.75,0.7,0.83,80.55
0409,P36519,P36527,0.82,0.6,91.5,87.2,0.44,0.89,0.7,0.63,89.35
0742,P53733,P53937,0.51,0.96,95.1,92.2,0.02,0.89,0.7,0.13,93.65
0266,P30902,P05626,0.86,0.57,77.8,87.4,0.95,0.82,0.7,0.88,82.6
0661,P48234,P26786,0.5,0.99,88.5,81.8,0.05,0.74,0.7,0.19,85.15
0635,P47083,P41819,0.97,0.51,68.9,88.0,0.89,0.04,0.7,0.19,78.45
0143,P15731,P54860,0.52,0.93,77.5,85.0,0.04,0.42,0.7,0.13,81.25
0300,P32602,P18759,0.59,0.84,74.9,82.2,0.02,0.3,0.7,0.08,78.55
0552,P40339,P38630,0.61,0.81,86.1,80.6,0.26,0.4,0.7,0.32,83.35
0548,P40089,P57743,0.77,0.64,92.6,91.0,0.99,0.99,0.7,0.99,91.8
0932,Q06224,P42841,0.62,0.78,90.2,92.3,0.06,0.06,0.7,0.06,91.25
1014,Q12098,A6ZLG6,0.49,0.99,89.3,89.3,0.59,0.94,0.7,0.74,89.3
1042,Q12315,P49686,0.77,0.65,95.0,88.6,0.51,0.73,0.71,0.61,91.8
0596,P42846,E7QBZ1,0.86,0.58,76.4,87.9,0.84,0.39,0.71,0.57,82.15
0250,P28319,P38874,0.71,0.72,85.3,88.4,0.3,0.52,0.71,0.39,86.85
1046,Q12343,P47822,0.78,0.65,83.1,87.7,0.88,0.82,0.71,0.85,85.4
0134,P14693,P53969,0.91,0.56,87.4,87.2,0.81,0.14,0.71,0.34,87.3
1048,Q12345,P40060,0.66,0.77,74.5,72.4,0.91,0.92,0.71,0.91,73.45
0103,P0CX42,P14126,0.53,0.96,76.7,75.0,0.34,0.92,0.71,0.56,75.85
0771,P54780,P21304,0.6,0.83,80.1,71.0,0.22,0.64,0.71,0.38,75.55
0728,P53299,P57744,0.59,0.85,93.1,90.7,0.88,0.95,0.71,0.91,91.9
0792,Q01590,P38166,0.67,0.75,77.3,77.8,0.75,0.44,0.71,0.57,77.55
0727,P53298,Q12493,0.75,0.68,58.7,77.0,0.9,0.8,0.71,0.85,67.85
0249,P28005,P41812,0.51,1.0,86.1,78.5,0.32,0.94,0.71,0.55,82.3
0672,P48836,P53260,0.58,0.87,84.8,85.8,0.84,0.99,0.71,0.91,85.3
1018,Q12133,P46965,0.65,0.78,91.8,90.7,0.35,0.85,0.71,0.55,91.25
0455,P38313,Q12493,0.61,0.82,77.6,77.4,0.9,0.96,0.71,0.93,77.5
0955,Q06835,P49955,0.61,0.83,66.2,81.8,0.16,0.24,0.71,0.2,74.0
1056,Q12417,Q06091,0.89,0.56,78.7,86.4,0.74,0.86,0.71,0.8,82.55
0694,P53093,P38962,0.77,0.66,78.6,82.4,0.3,0.27,0.71,0.28,80.5
0849,Q03323,P43132,0.63,0.8,88.3,89.4,0.81,0.39,0.71,0.56,88.85
0832,Q03012,P38123,0.79,0.63,85.4,87.0,0.69,0.06,0.71,0.2,86.2
0929,Q06213,P47822,0.72,0.71,92.6,89.1,0.94,0.86,0.71,0.9,90.85
0800,Q02204,Q06090,0.82,0.61,75.2,92.9,0.86,0.7,0.71,0.78,84.05
0286,P32496,P40016,0.7,0.73,85.2,85.8,0.31,0.18,0.71,0.24,85.5
0344,P33442,P39516,0.95,0.54,91.7,88.6,0.87,0.24,0.72,0.46,90.15
0868,Q03723,P39007,0.72,0.72,88.5,90.2,0.63,0.28,0.72,0.42,89.35
0087,P09032,P12754,0.86,0.6,74.7,64.0,0.51,0.56,0.72,0.53,69.35
0599,P43555,P39931,0.64,0.82,85.0,84.6,0.33,0.7,0.72,0.48,84.8
0284,P32494,Q12060,0.78,0.66,74.6,82.5,0.88,0.88,0.72,0.88,78.55
0423,P36534,P32387,0.84,0.62,82.0,87.4,0.93,0.61,0.72,0.75,84.7
1007,Q12035,P15646,0.84,0.61,75.2,84.1,0.93,0.07,0.72,0.26,79.65
0879,Q04082,P32363,0.71,0.74,85.7,85.4,0.87,0.25,0.72,0.47,85.55
0973,Q08199,P13134,0.62,0.83,77.3,80.6,0.15,0.27,0.72,0.2,78.95
0741,P53733,P10663,0.71,0.74,87.3,92.3,0.79,0.46,0.72,0.6,89.8
0967,Q08032,Q03406,0.86,0.6,76.2,69.6,0.03,0.74,0.72,0.15,72.9
0417,P36527,Q06678,0.53,0.98,94.5,92.5,0.82,0.89,0.72,0.85,93.5
0825,Q02825,P39707,0.75,0.7,86.9,90.3,0.68,0.67,0.72,0.67,88.6
0180,P21524,P09938,0.86,0.6,81.1,70.2,0.19,0.32,0.72,0.25,75.65
0262,P29704,P53199,0.78,0.67,95.8,94.6,0.16,0.01,0.72,0.04,95.2
0132,P14682,P52286,0.95,0.55,78.0,81.2,0.37,0.17,0.72,0.25,79.6
0410,P36519,P36528,0.64,0.8,81.3,87.6,0.53,0.74,0.72,0.63,84.45
0380,P36039,Q12431,0.67,0.77,83.7,85.9,0.66,0.57,0.72,0.61,84.8
0539,P40056,Q12154,0.59,0.88,73.8,85.0,0.67,0.48,0.72,0.57,79.4
0151,P16658,Q04675,0.77,0.67,90.1,88.1,0.41,0.52,0.72,0.46,89.1
0801,Q02206,Q07979,0.97,0.54,60.1,68.4,0.79,0.54,0.72,0.65,64.25
0585,P41543,P39007,0.89,0.6,87.5,88.9,0.48,0.15,0.73,0.27,88.2
0467,P38624,P21242,0.82,0.65,95.0,93.9,0.4,0.16,0.73,0.25,94.45
0069,P06242,Q03290,0.71,0.76,91.0,79.4,0.09,0.55,0.73,0.22,85.2
0238,P26783,Q3E792,0.62,0.85,93.5,90.4,0.13,0.83,0.73,0.33,91.95
0016,A7A0F9,P53507,0.77,0.7,92.3,84.1,0.5,0.93,0.73,0.68,88.2
0430,P38120,P53733,0.6,0.89,81.5,88.3,0.31,0.44,0.73,0.37,84.9
0950,Q06682,P53044,0.74,0.73,74.4,83.4,0.56,0.29,0.73,0.4,78.9
0492,P38857,P53157,0.69,0.77,86.6,90.8,0.65,0.74,0.73,0.69,88.7
0335,P33204,P40518,0.55,0.96,89.9,90.5,0.15,0.88,0.73,0.36,90.2
0653,P47158,Q07821,0.91,0.58,79.3,62.9,0.29,0.59,0.73,0.41,71.1
0882,Q04231,P28519,0.61,0.88,86.5,80.5,0.16,0.68,0.73,0.33,83.5
0481,P38792,Q12277,0.88,0.61,91.5,92.4,0.55,0.32,0.73,0.42,91.95
0829,Q02950,P32902,0.7,0.77,89.3,94.0,0.44,0.78,0.73,0.59,91.65
0352,P33759,Q03201,0.94,0.57,73.8,79.0,0.94,0.69,0.73,0.81,76.4
0873,Q03818,A6ZWA5,0.55,0.98,78.2,88.0,0.84,0.87,0.73,0.85,83.1
0623,P46964,P39007,0.66,0.8,87.3,87.9,0.68,0.37,0.73,0.5,87.6
1060,Q12432,Q04779,0.91,0.59,84.3,65.6,0.77,0.68,0.73,0.72,74.95
0185,P21825,P32915,0.85,0.62,73.0,75.4,0.74,0.15,0.73,0.33,74.2
0285,P32495,Q6Q547,0.58,0.91,93.8,85.4,0.01,0.72,0.73,0.08,89.6
0941,Q06411,P36118,0.84,0.64,81.5,78.3,0.6,0.9,0.73,0.73,79.9
0191,P22203,P16140,0.74,0.72,88.4,85.6,0.8,0.45,0.73,0.6,87.0
0567,P40496,P47141,0.68,0.79,86.9,83.3,0.69,0.62,0.73,0.65,85.1
0209,P23833,Q3E846,0.63,0.85,91.8,81.4,0.31,0.7,0.73,0.47,86.6
0067,P06104,Q07457,0.93,0.59,83.2,80.2,0.72,0.9,0.74,0.8,81.7
0452,P38302,Q12309,0.78,0.7,80.5,89.6,0.92,0.24,0.74,0.47,85.05
0549,P40089,Q06406,0.71,0.77,91.2,81.4,0.85,0.83,0.74,0.84,86.3
0508,P39012,P38875,0.68,0.8,92.0,90.4,0.15,0.43,0.74,0.25,91.2
0903,Q04868,P38874,0.8,0.69,94.0,91.1,0.21,0.38,0.74,0.28,92.55
0483,P38803,P53313,0.94,0.58,70.4,73.9,0.8,0.23,0.74,0.43,72.15
0484,P38803,P53877,0.86,0.63,75.8,79.3,0.7,0.17,0.74,0.34,77.55
0458,P38333,P34078,0.74,0.75,88.5,78.9,0.53,0.89,0.74,0.69,83.7
0451,P38300,P39952,0.69,0.79,77.0,82.5,0.49,0.65,0.74,0.56,79.75
1091,Q3E833,P36132,0.57,0.96,95.4,96.6,0.62,0.49,0.74,0.55,96.0
0404,P36162,A6ZZR4,0.65,0.84,93.3,93.1,0.93,0.93,0.74,0.93,93.2
0357,P34087,P20433,0.57,0.97,91.6,85.9,0.4,0.84,0.74,0.58,88.75
0018,B3LJ47,P41800,0.96,0.57,86.8,80.1,0.78,0.67,0.74,0.72,83.45
1076,Q12522,Q02892,0.59,0.94,85.6,77.5,0.31,0.91,0.74,0.53,81.55
1033,Q12248,P69850,0.64,0.85,86.3,81.3,0.96,0.96,0.74,0.96,83.8
0170,P20084,P14063,0.6,0.91,95.8,95.0,0.15,0.92,0.74,0.37,95.4
0622,P46964,P33767,0.58,0.94,91.5,87.9,0.53,0.8,0.74,0.65,89.7
0978,Q08278,Q06213,0.65,0.84,93.4,90.7,0.9,0.98,0.74,0.94,92.05
1029,Q12208,Q04048,0.98,0.56,79.9,91.0,0.78,0.05,0.74,0.2,85.45
0265,P30822,P41920,0.88,0.63,90.7,72.6,0.1,0.59,0.74,0.24,81.65
0030,P00044,P07143,0.79,0.69,78.7,86.4,0.06,0.09,0.74,0.07,82.55
0757,P53881,P32387,0.9,0.61,90.7,88.7,0.87,0.66,0.74,0.76,89.7
0236,P26448,P38987,0.69,0.8,89.5,88.1,0.05,0.52,0.74,0.16,88.8
0094,P0C5R9,P37296,0.79,0.7,75.8,79.7,0.6,0.47,0.74,0.53,77.75
0704,P53165,Q12060,0.75,0.73,55.3,63.1,0.91,0.95,0.74,0.93,59.2
0719,P53267,Q12248,0.72,0.76,89.5,89.4,0.98,0.96,0.74,0.97,89.45
0476,P38782,P38304,0.71,0.8,85.5,82.9,0.51,0.93,0.75,0.69,84.2
0287,P32501,P32481,0.74,0.76,77.6,77.1,0.07,0.17,0.75,0.11,77.35
0473,P38759,P34110,0.65,0.86,84.4,80.0,0.47,0.44,0.75,0.45,82.2
0938,Q06406,P57743,0.7,0.81,92.6,88.2,0.96,0.95,0.75,0.95,90.4
0422,P36534,P23369,0.86,0.66,93.3,93.9,0.91,0.53,0.75,0.69,93.6
0260,P29468,P35728,0.58,0.97,91.8,66.1,0.07,0.91,0.75,0.25,78.95
0842,Q03201,P10663,0.7,0.8,89.4,93.3,0.79,0.59,0.75,0.68,91.35
0827,Q02939,P32776,0.77,0.74,78.7,62.2,0.53,0.83,0.75,0.66,70.45
1021,Q12143,P47149,0.72,0.78,86.7,89.5,0.95,0.95,0.75,0.95,88.1
0186,P21827,P32836,0.78,0.72,82.0,71.3,0.09,0.25,0.75,0.15,76.65
0178,P21306,P38077,0.75,0.75,82.8,90.7,0.86,0.74,0.75,0.8,86.75
0810,Q02608,P53292,0.76,0.74,91.0,87.1,0.6,0.88,0.75,0.73,89.05
0920,Q06091,Q03654,0.65,0.87,82.0,84.3,0.82,0.89,0.75,0.85,83.15
0268,P30902,Q12349,0.67,0.84,79.4,58.8,0.89,0.76,0.75,0.82,69.1
1098,Q99181,P19736,0.87,0.64,71.9,81.7,0.76,0.26,0.75,0.44,76.8
0714,P53256,P25359,0.61,0.91,94.4,91.3,0.37,0.76,0.75,0.53,92.85
0877,Q04062,Q12250,0.67,0.83,88.6,87.6,0.16,0.29,0.75,0.22,88.1
0679,P50623,P52488,0.88,0.64,82.5,73.6,0.07,0.23,0.75,0.13,78.05
0678,P50108,P46985,0.63,0.9,93.6,89.1,0.24,0.52,0.75,0.35,91.35
0032,P00128,P07143,0.58,0.96,94.4,89.3,0.78,0.91,0.75,0.84,91.85
0663,P48240,P25359,0.84,0.67,78.3,88.0,0.52,0.46,0.75,0.49,83.15
0891,Q04410,Q12191,0.77,0.73,90.6,89.3,0.55,0.93,0.75,0.72,89.95
0633,P47017,P38203,0.86,0.65,84.5,88.2,0.94,0.84,0.75,0.89,86.35
0440,P38241,Q12046,0.83,0.68,77.1,76.8,0.32,0.54,0.75,0.42,76.95
0664,P48240,P53256,0.92,0.61,69.9,88.3,0.94,0.39,0.75,0.61,79.1
0739,P53723,Q12160,0.64,0.91,85.8,80.2,0.35,0.83,0.76,0.54,83.0
0637,P47088,P25580,0.61,0.95,91.2,91.4,0.08,0.81,0.76,0.25,91.3
0636,P47083,P53941,0.79,0.73,83.5,87.1,0.92,0.45,0.76,0.64,85.3
0760,P53896,P38211,0.88,0.65,84.6,89.8,0.76,0.22,0.76,0.41,87.2
0822,Q02795,P33767,0.66,0.88,85.9,90.0,0.58,0.61,0.76,0.59,87.95
0007,A6ZN26,P38431,0.99,0.58,50.8,81.2,0.89,0.16,0.76,0.38,66.0
1103,Q99278,P32569,0.73,0.8,82.9,86.9,0.79,0.78,0.76,0.78,84.9
0625,P46983,P28795,0.78,0.75,52.2,72.9,0.92,0.44,0.76,0.64,62.55
0391,P36108,P36095,0.71,0.82,71.6,81.9,0.8,0.85,0.76,0.82,76.75
0506,P39005,P33336,0.98,0.59,85.3,86.2,0.93,0.17,0.76,0.4,85.75
0803,Q02260,Q06217,0.79,0.73,88.9,93.2,0.8,0.85,0.76,0.82,91.05
0519,P39517,P53297,0.77,0.76,84.5,66.9,0.1,0.95,0.76,0.31,75.7
0808,Q02554,Q99181,0.62,0.93,89.5,93.5,0.9,0.74,0.76,0.82,91.5
0586,P41733,P38875,0.74,0.78,93.5,92.0,0.33,0.46,0.76,0.39,92.75
0135,P14724,P09798,0.84,0.69,85.9,92.7,0.78,0.29,0.76,0.48,89.3
0535,P40046,P47075,0.68,0.86,76.8,78.6,0.61,0.66,0.76,0.63,77.7
0673,P49017,P27680,0.7,0.82,96.5,94.8,0.11,0.4,0.76,0.21,95.65
0687,P53044,Q12229,0.67,0.87,88.8,91.9,0.33,0.52,0.76,0.41,90.35
0114,P11709,P39946,0.69,0.83,71.8,91.2,0.95,0.56,0.76,0.73,81.5
0065,P05756,E7QBZ1,0.84,0.68,91.0,80.6,0.65,0.53,0.76,0.59,85.8
0979,Q08278,Q12343,0.78,0.75,81.3,75.6,0.84,0.95,0.76,0.89,78.45
0034,P00163,P07143,0.73,0.79,93.9,93.1,0.14,0.45,0.76,0.25,93.5
0270,P31383,Q00362,0.86,0.67,87.5,80.6,0.26,0.51,0.76,0.36,84.05
0541,P40070,Q06406,0.88,0.65,85.5,89.3,0.95,0.78,0.76,0.86,87.4
0674,P49018,P39012,0.86,0.68,68.6,92.9,0.58,0.12,0.76,0.26,80.75
0125,P13393,P29056,0.61,0.94,89.2,65.4,0.18,0.81,0.76,0.38,77.3
0652,P47158,P27825,0.92,0.62,75.1,65.1,0.27,0.32,0.76,0.29,70.1
0244,P27636,P38987,0.99,0.58,56.7,83.1,0.6,0.13,0.76,0.28,69.9
0869,Q03761,P53040,0.65,0.88,61.1,65.6,0.65,0.8,0.76,0.72,63.35
0667,P48240,Q12277,0.84,0.7,91.5,92.2,0.79,0.24,0.77,0.44,91.85
0668,P48565,P53179,0.82,0.73,71.2,82.2,0.59,0.53,0.77,0.56,76.7
0784,P89886,P47089,0.75,0.8,93.3,90.8,0.05,0.5,0.77,0.16,92.05
0558,P40362,Q04305,0.61,0.97,84.1,70.3,0.1,0.84,0.77,0.29,77.2
0852,Q03337,P38334,0.89,0.66,80.7,90.6,0.87,0.18,0.77,0.4,85.65
0675,P49018,Q04080,0.71,0.83,77.4,80.4,0.51,0.41,0.77,0.46,78.9
0594,P41834,P33891,0.87,0.68,58.2,80.7,0.91,0.11,0.77,0.32,69.45
0012,A6ZQU8,P02406,0.96,0.61,80.4,88.9,0.86,0.22,0.77,0.43,84.65
0839,Q03081,P32389,0.96,0.61,84.1,78.5,0.87,0.93,0.77,0.9,81.3
1099,Q99216,P25635,0.87,0.69,65.8,81.2,0.48,0.12,0.77,0.24,73.5
0856,Q03406,Q01454,0.91,0.66,68.0,86.1,0.83,0.04,0.77,0.18,77.05
0691,P53079,P53271,0.78,0.76,79.3,90.5,0.78,0.81,0.77,0.79,84.9
0150,P16658,Q02825,0.63,0.94,87.9,80.6,0.33,0.87,0.77,0.54,84.25
0478,P38786,P38208,0.95,0.63,94.9,94.7,0.76,0.06,0.77,0.21,94.8
0337,P33322,A6ZRW0,0.81,0.73,82.0,74.2,0.41,0.77,0.77,0.56,78.1
0303,P32617,P53946,0.8,0.75,92.0,94.5,0.74,0.26,0.77,0.44,93.25
0282,P32494,Q02336,0.77,0.77,82.5,87.5,0.88,0.64,0.77,0.75,85.0
0968,Q08045,P25303,0.76,0.79,92.1,93.2,0.59,0.69,0.77,0.64,92.65
0379,P36039,P47133,0.93,0.63,89.0,94.6,0.76,0.2,0.77,0.39,91.8
1087,Q3E7B2,Q02772,0.77,0.77,76.4,85.0,0.88,0.55,0.77,0.7,80.7
0334,P33204,P38328,0.69,0.85,86.8,82.9,0.46,0.4,0.77,0.43,84.85
0384,P36057,P32916,0.66,0.9,75.4,71.4,0.2,0.42,0.77,0.29,73.4
0383,P36049,Q08235,0.83,0.72,86.0,88.8,0.87,0.45,0.77,0.63,87.4
0397,P36145,P36100,0.91,0.66,81.9,87.6,0.89,0.34,0.77,0.55,84.75
0184,P21825,P14906,0.66,0.9,84.7,77.1,0.4,0.75,0.77,0.55,80.9
0183,P21801,P38345,0.66,0.91,84.7,69.9,0.14,0.88,0.77,0.35,77.3
0167,P19516,Q3E731,0.64,0.93,85.3,81.0,0.62,0.89,0.77,0.74,83.15
0145,P15873,P04819,0.82,0.72,80.2,74.9,0.55,0.13,0.77,0.27,77.55
1037,Q12297,Q12030,0.85,0.69,86.6,87.1,0.95,0.92,0.77,0.93,86.85
0146,P15873,P26793,0.69,0.85,84.6,81.1,0.17,0.05,0.77,0.09,82.85
0208,P23833,Q12287,0.74,0.81,87.1,81.1,0.27,0.51,0.77,0.37,84.1
0892,Q04477,P40460,0.82,0.75,83.1,82.7,0.93,0.96,0.78,0.94,82.9
0624,P46964,Q02795,0.83,0.73,89.1,85.5,0.88,0.74,0.78,0.81,87.3
0587,P41733,P39012,0.66,0.92,86.3,75.0,0.13,0.65,0.78,0.29,80.65
0367,P35179,P32915,0.72,0.85,80.0,78.0,0.86,0.22,0.78,0.43,79.0
0647,P47142,Q12483,0.86,0.7,92.9,86.3,0.15,0.6,0.78,0.3,89.6
0648,P47150,O75012,0.82,0.75,92.4,88.2,0.89,0.95,0.78,0.92,90.3
0870,Q03761,Q05027,0.96,0.64,69.9,77.3,0.91,0.91,0.78,0.91,73.6
0318,P32899,P47083,0.89,0.68,92.5,77.8,0.7,0.86,0.78,0.78,85.15
0117,P12687,P36526,0.78,0.78,84.6,67.9,0.68,0.78,0.78,0.73,76.25
0306,P32803,P54837,0.67,0.91,83.6,88.1,0.55,0.92,0.78,0.71,85.85
0855,Q03375,P53065,0.62,0.97,73.7,84.8,0.1,0.6,0.78,0.24,79.25
0439,P38236,P53185,0.65,0.93,59.4,62.9,0.89,0.69,0.78,0.78,61.15
0119,P12687,P38064,0.8,0.76,90.0,87.7,0.67,0.64,0.78,0.65,88.85
0120,P12687,Q06678,0.93,0.66,93.9,92.7,0.86,0.07,0.78,0.25,93.3
0718,P53260,P33893,0.62,0.97,86.4,91.0,0.93,0.8,0.78,0.86,88.7
0272,P32341,P38784,0.91,0.67,88.5,90.2,0.94,0.81,0.78,0.87,89.35
0264,P30657,P30656,0.93,0.65,73.4,81.4,0.92,0.28,0.78,0.51,77.4
0124,P13393,P06844,0.62,0.97,85.2,79.7,0.32,0.85,0.78,0.52,82.45
0130,P14120,P0C2H6,0.65,0.93,94.5,91.1,0.25,0.77,0.78,0.44,92.8
0234,P25642,P51998,0.72,0.84,88.7,87.5,0.53,0.67,0.78,0.6,88.1
0216,P25344,P23561,0.83,0.74,74.6,70.2,0.64,0.5,0.78,0.57,72.4
1044,Q12330,P54999,0.75,0.81,89.9,86.7,0.9,0.9,0.78,0.9,88.3
0182,P21801,P33421,0.66,0.92,87.8,83.4,0.37,0.93,0.78,0.59,85.6
0022,C7GUN6,P40003,0.79,0.78,85.1,79.3,0.93,0.9,0.78,0.91,82.2
0442,P38247,Q02205,0.84,0.72,83.5,71.6,0.64,0.91,0.78,0.76,77.55
0346,P33754,P14906,0.72,0.84,87.4,88.3,0.8,0.67,0.78,0.73,87.85
0493,P38863,P53378,0.66,0.93,82.1,77.2,0.06,0.48,0.78,0.17,79.65
0533,P40005,P48363,0.93,0.65,95.1,94.4,0.95,0.48,0.78,0.68,94.75
0934,Q06287,Q99207,0.75,0.82,90.3,84.6,0.57,0.8,0.78,0.68,87.45
0523,P39730,P38912,0.79,0.78,64.0,57.7,0.33,0.62,0.78,0.45,60.85
0231,P25615,P32807,0.76,0.83,75.9,70.6,0.12,0.74,0.79,0.3,73.25
1070,Q12488,P40359,0.8,0.79,78.2,72.2,0.77,0.78,0.79,0.77,75.2
0413,P36519,Q06678,0.86,0.72,86.9,93.9,0.5,0.24,0.79,0.35,90.4
0196,P22353,P25348,0.95,0.66,94.0,92.6,0.79,0.76,0.79,0.77,93.3
0555,P40357,P33328,0.87,0.71,86.0,86.0,0.94,0.88,0.79,0.91,86.0
0365,P34253,P42935,0.74,0.84,75.1,73.4,0.19,0.41,0.79,0.28,74.25
0863,Q03579,P28496,0.78,0.8,79.6,81.4,0.72,0.43,0.79,0.56,80.5
0976,Q08278,P38633,0.64,0.97,77.0,82.6,0.91,0.62,0.79,0.75,79.8
0060,P05750,P14127,0.74,0.84,85.1,90.4,0.46,0.89,0.79,0.64,87.75
0389,P36104,P42073,0.69,0.91,87.1,64.1,0.12,0.91,0.79,0.33,75.6
1058,Q12421,Q12092,0.8,0.79,74.4,79.3,0.63,0.95,0.79,0.77,76.85
0290,P32523,Q06091,0.85,0.73,78.0,74.8,0.4,0.96,0.79,0.62,76.4
0056,P05739,P05744,0.76,0.82,94.0,92.8,0.55,0.77,0.79,0.65,93.4
0388,P36100,P32776,0.88,0.71,72.5,84.1,0.7,0.63,0.79,0.66,78.3
0889,Q04370,Q05568,0.98,0.64,67.0,79.5,0.82,0.31,0.79,0.5,73.25
0969,Q08096,Q99207,0.67,0.94,90.7,78.4,0.12,0.93,0.79,0.33,84.55
0036,P00410,P00401,0.8,0.79,85.4,90.1,0.75,0.2,0.79,0.39,87.75
0844,Q03208,Q07834,0.92,0.67,55.2,84.0,0.88,0.15,0.79,0.36,69.6
1003,Q12016,P47111,0.96,0.65,81.3,79.9,0.76,0.52,0.79,0.63,80.6
0847,Q03290,P06839,0.81,0.78,80.8,88.4,0.64,0.04,0.79,0.16,84.6
1019,Q12136,P47083,0.86,0.72,72.8,80.6,0.87,0.87,0.79,0.87,76.7
1071,Q12488,Q03406,0.82,0.76,87.4,88.7,0.76,0.7,0.79,0.73,88.05
0348,P33755,P53044,0.7,0.9,93.4,74.6,0.21,0.76,0.79,0.4,84.0
0201,P23369,P36520,0.78,0.8,91.5,84.8,0.58,0.73,0.79,0.65,88.15
0139,P15646,Q12499,0.69,0.9,87.8,85.2,0.26,0.75,0.79,0.44,86.5
0761,P53900,P46988,0.78,0.8,86.3,85.3,0.68,0.78,0.79,0.73,85.8
0905,Q04969,E7QG89,0.94,0.66,91.6,87.2,0.86,0.64,0.79,0.74,89.4
0223,P25451,P30656,0.77,0.81,92.8,89.7,0.41,0.45,0.79,0.43,91.25
0446,P38283,P38991,0.7,0.9,81.5,90.2,0.94,0.65,0.79,0.78,85.85
0575,P40565,P46947,0.68,0.91,90.8,83.0,0.43,0.89,0.79,0.62,86.9
0762,P53900,P48363,0.79,0.79,84.6,89.1,0.71,0.56,0.79,0.63,86.85
0418,P36528,P36527,0.83,0.75,91.1,87.1,0.76,0.95,0.79,0.85,89.1
0229,P25604,P42939,0.87,0.71,85.2,76.6,0.95,0.93,0.79,0.94,80.9
1016,Q12125,Q12285,0.74,0.85,94.5,88.3,0.19,0.9,0.79,0.41,91.4
0699,P53135,C7GX58,0.93,0.67,69.9,81.3,0.75,0.52,0.79,0.62,75.6
0698,P53112,P40155,0.79,0.8,78.0,69.1,0.94,0.93,0.79,0.93,73.55
0310,P32836,P41920,0.77,0.84,89.1,87.5,0.45,0.65,0.8,0.54,88.3
0618,P46961,P32363,0.98,0.65,88.0,93.2,0.68,0.15,0.8,0.32,90.6
0055,P05737,P10664,0.75,0.85,91.3,80.1,0.2,0.81,0.8,0.4,85.7
0017,A7A1A3,P32481,0.93,0.69,61.9,71.2,0.71,0.18,0.8,0.36,66.55
0370,P35182,Q12163,0.72,0.89,85.3,51.1,0.18,0.73,0.8,0.36,68.2
0642,P47128,P43572,0.77,0.83,84.7,83.9,0.77,0.92,0.8,0.84,84.3
0503,P38953,P40465,0.96,0.66,71.4,84.7,0.82,0.19,0.8,0.39,78.05
0702,P53165,P50102,0.74,0.86,76.5,84.0,0.75,0.29,0.8,0.47,80.25
0888,Q04370,P32800,0.83,0.77,67.2,79.3,0.67,0.71,0.8,0.69,73.25
0113,P10849,P42900,0.82,0.79,61.8,77.9,0.68,0.56,0.8,0.62,69.85
0785,Q00578,P36145,0.83,0.78,89.2,75.9,0.3,0.89,0.8,0.52,82.55
1067,Q12487,P22354,0.93,0.69,80.5,75.8,0.91,0.66,0.8,0.77,78.15
0649,P47150,P32902,0.84,0.76,76.4,77.0,0.89,0.82,0.8,0.85,76.7
0459,P38333,Q99207,0.76,0.85,88.5,77.6,0.53,0.78,0.8,0.64,83.05
0871,Q03761,Q12030,0.96,0.67,75.1,78.7,0.95,0.91,0.8,0.93,76.9
0089,P09064,P32481,0.94,0.68,75.5,88.2,0.83,0.07,0.8,0.24,81.85
0080,P07278,P06245,0.82,0.78,66.1,88.0,0.72,0.13,0.8,0.31,77.05
0944,Q06525,D3UET8,0.85,0.75,81.0,62.2,0.52,0.85,0.8,0.66,71.6
1009,Q12049,Q08231,0.91,0.71,78.4,79.9,0.66,0.37,0.8,0.49,79.15
0542,P40072,P32828,0.91,0.7,88.1,86.6,0.85,0.65,0.8,0.74,87.35
0109,P0CX56,Q01855,0.88,0.73,77.3,84.2,0.77,0.57,0.8,0.66,80.75
1012,Q12080,P04456,0.68,0.93,88.7,88.7,0.81,0.9,0.8,0.85,88.7
0777,P54791,P50874,0.76,0.85,78.8,80.5,0.29,0.42,0.8,0.35,79.65
0681,P51998,P36520,0.66,0.97,95.0,89.0,0.25,0.96,0.8,0.49,92.0
0579,P40568,Q12143,0.85,0.76,78.5,83.4,0.94,0.81,0.8,0.87,80.95
0703,P53165,P50875,0.69,0.93,55.4,66.1,0.94,0.77,0.8,0.85,60.75
0454,P38307,Q03714,0.69,0.92,81.1,78.3,0.26,0.85,0.8,0.47,79.7
0982,Q08649,P43572,0.75,0.88,83.1,75.3,0.36,0.95,0.81,0.58,79.2
0878,Q04080,P38875,0.7,0.94,89.7,86.2,0.34,0.79,0.81,0.52,87.95
0983,Q08683,O13329,0.83,0.8,68.8,60.6,0.33,0.46,0.81,0.39,64.7
0361,P34234,Q02260,0.98,0.67,71.7,80.3,0.75,0.68,0.81,0.71,76.0
1023,Q12146,Q03406,0.86,0.76,82.1,83.0,0.94,0.71,0.81,0.82,82.55
0940,Q06410,Q12421,0.83,0.79,92.7,83.6,0.77,0.86,0.81,0.81,88.15
0033,P00163,P00128,0.76,0.87,92.8,96.0,0.15,0.9,0.81,0.37,94.4
0712,P53239,Q04935,0.91,0.72,86.0,84.9,0.65,0.95,0.81,0.79,85.45
0657,P47167,Q12748,0.76,0.86,60.1,61.5,0.83,0.57,0.81,0.69,60.8
0502,P38927,P12689,0.72,0.91,83.0,75.4,0.45,0.61,0.81,0.52,79.2
0821,Q02793,P23179,0.87,0.75,90.6,84.8,0.26,0.07,0.81,0.13,87.7
0862,Q03557,P53260,0.88,0.74,92.1,84.8,0.68,0.92,0.81,0.79,88.45
0181,P21560,P07253,0.69,0.94,90.9,80.8,0.14,0.86,0.81,0.35,85.85
0393,P36121,P25441,0.94,0.7,79.6,76.3,0.91,0.75,0.81,0.83,77.95
0959,Q07688,Q07084,0.99,0.66,94.5,89.3,0.91,0.32,0.81,0.54,91.9
1068,Q12487,P36516,0.91,0.72,86.4,93.9,0.93,0.09,0.81,0.29,90.15
0607,P43594,P53969,0.69,0.95,71.4,77.0,0.92,0.69,0.81,0.8,74.2
0246,P27929,P53292,0.87,0.76,93.0,90.8,0.57,0.79,0.81,0.67,91.9
0050,P04456,P53927,0.76,0.86,87.2,94.3,0.76,0.84,0.81,0.8,90.75
0890,Q04410,P15303,0.88,0.75,61.0,88.9,0.44,0.05,0.81,0.15,74.95
1038,Q12306,P52488,0.79,0.84,85.8,68.1,0.5,0.63,0.81,0.56,76.95
0789,Q01163,P53937,0.93,0.71,91.3,90.9,0.56,0.31,0.81,0.42,91.1
0823,Q02795,P39007,0.78,0.85,84.9,69.0,0.91,0.45,0.81,0.64,76.95
0126,P13393,Q92317,0.95,0.69,84.1,76.3,0.31,0.83,0.81,0.51,80.2
0043,P00546,P34233,0.93,0.71,87.2,63.0,0.24,0.28,0.81,0.26,75.1
0754,P53859,Q12149,0.73,0.9,71.7,68.7,0.6,0.84,0.81,0.71,70.2
0253,P29056,P46678,0.73,0.9,82.6,74.6,0.57,0.86,0.81,0.7,78.6
0572,P40518,P38328,0.87,0.78,83.3,83.3,0.78,0.34,0.82,0.51,83.3
0597,P43321,P40018,0.89,0.75,90.7,90.7,0.76,0.86,0.82,0.81,90.7
0837,Q03067,Q12060,0.81,0.84,77.6,71.0,0.88,0.96,0.82,0.92,74.3
0826,Q02892,P14126,0.87,0.78,77.6,82.5,0.78,0.38,0.82,0.54,80.05
0917,Q05919,Q02948,0.77,0.87,77.9,78.2,0.67,0.89,0.82,0.77,78.05
0028,O14455,A6ZMA9,0.84,0.81,82.0,71.7,0.69,0.75,0.82,0.72,76.85
0312,P32854,P38166,0.86,0.78,75.8,81.0,0.76,0.63,0.82,0.69,78.4
0084,P08067,P08525,0.91,0.73,76.5,78.7,0.87,0.85,0.82,0.86,77.6
0222,P25451,P25043,0.7,0.96,91.9,85.6,0.3,0.85,0.82,0.5,88.75
0834,Q03048,P46680,0.7,0.96,87.2,90.3,0.18,0.12,0.82,0.15,88.75
0600,P43557,Q05867,0.82,0.82,85.0,81.3,0.9,0.92,0.82,0.91,83.15
0438,P38203,P57743,0.93,0.73,94.0,94.9,0.97,0.83,0.82,0.9,94.45
0689,P53073,P47133,0.83,0.82,81.1,90.8,0.81,0.58,0.82,0.69,85.95
0953,Q06819,P49704,0.8,0.85,92.9,82.9,0.4,0.62,0.82,0.5,87.9
0746,P53742,Q02892,0.98,0.68,75.2,82.3,0.93,0.26,0.82,0.49,78.75
0021,C7GUN6,E7QH95,0.82,0.83,82.4,83.4,0.95,0.94,0.82,0.94,82.9
0543,P40078,P25382,0.79,0.86,76.9,94.9,0.38,0.24,0.82,0.3,85.9
0064,P05750,P46784,0.69,0.98,91.4,84.2,0.34,0.72,0.82,0.49,87.8
0551,P40316,P38147,0.75,0.89,48.3,87.1,0.96,0.19,0.82,0.43,67.7
1022,Q12146,P40359,0.87,0.78,90.3,86.5,0.88,0.68,0.82,0.77,88.4
0788,Q00916,P34160,0.78,0.87,58.5,79.4,0.87,0.32,0.82,0.53,68.95
0460,P38334,P46944,0.68,0.98,87.8,85.6,0.44,0.56,0.82,0.5,86.7
0098,P0CX24,P38754,0.83,0.81,92.7,93.2,0.75,0.67,0.82,0.71,92.95
0332,P33203,P53207,0.79,0.86,87.6,85.5,0.58,0.75,0.82,0.66,86.55
0611,P46669,P50106,0.79,0.86,89.5,84.0,0.74,0.93,0.82,0.83,86.75
0445,P38257,Q06340,0.93,0.73,61.4,78.8,0.86,0.46,0.82,0.63,70.1
0604,P43588,Q08723,0.92,0.73,88.9,89.3,0.83,0.77,0.82,0.8,89.1
0489,P38829,A6ZYM0,0.72,0.94,79.0,95.7,0.59,0.26,0.82,0.39,87.35
0339,P33322,Q6Q547,0.83,0.82,94.7,89.6,0.34,0.83,0.82,0.53,92.15
0571,P40505,P31385,0.85,0.79,89.2,92.6,0.96,0.91,0.82,0.93,90.9
1011,Q12060,Q02336,0.78,0.87,82.4,87.3,0.99,0.87,0.82,0.93,84.85
0207,P23724,P30657,0.77,0.87,93.2,95.0,0.46,0.72,0.82,0.58,94.1
0147,P15873,P38207,0.73,0.93,79.0,70.2,0.32,0.16,0.82,0.23,74.6
0014,A6ZRW0,P40486,0.96,0.71,74.6,93.1,0.93,0.39,0.83,0.6,83.85
0218,P25385,P22804,0.9,0.76,84.0,84.3,0.92,0.91,0.83,0.91,84.15
0913,Q05541,P43124,0.84,0.82,85.0,82.8,0.62,0.86,0.83,0.73,83.9
0297,P32570,P32569,0.86,0.81,73.4,83.4,0.91,0.86,0.83,0.88,78.4
0991,Q08920,P34160,0.72,0.96,89.4,95.0,0.11,0.22,0.83,0.16,92.2
1047,Q12343,Q12321,0.69,1.0,84.9,79.7,0.95,0.91,0.83,0.93,82.3
1051,Q12377,Q06103,0.93,0.74,81.3,82.1,0.76,0.39,0.83,0.54,81.7
0494,P38874,Q02884,0.87,0.8,81.0,78.5,0.73,0.24,0.83,0.42,79.75
0062,P05750,P38701,0.76,0.9,86.0,88.3,0.66,0.94,0.83,0.79,87.15
0769,P54780,O14455,0.74,0.92,86.9,91.0,0.45,0.87,0.83,0.63,88.95
0488,P38828,P53297,0.91,0.76,86.6,85.3,0.89,0.9,0.83,0.89,85.95
1045,Q12343,P33308,0.73,0.94,85.0,79.8,0.94,0.94,0.83,0.94,82.4
0608,P45976,P29468,0.73,0.95,61.7,86.5,0.85,0.65,0.83,0.74,74.1
0638,P47093,P38203,0.94,0.74,82.8,85.6,0.97,0.87,0.83,0.92,84.2
0592,P41834,P22213,0.77,0.89,81.2,88.3,0.94,0.18,0.83,0.41,84.75
0639,P47110,P46957,0.86,0.8,83.1,85.0,0.87,0.48,0.83,0.65,84.05
0091,P09733,P02557,0.92,0.74,84.9,83.7,0.2,0.03,0.83,0.08,84.3
0901,Q04712,P40992,0.79,0.88,70.8,75.8,0.65,0.7,0.83,0.67,73.3
0640,P47113,P26448,0.8,0.86,88.7,94.2,0.93,0.23,0.83,0.46,91.45
1064,Q12452,P38604,0.81,0.85,91.0,92.9,0.14,0.03,0.83,0.06,91.95
0961,Q07913,Q05541,0.93,0.74,82.3,82.7,0.4,0.61,0.83,0.49,82.5
0002,A6ZM67,Q05027,0.84,0.83,78.7,83.2,0.97,0.96,0.83,0.96,80.95
0960,Q07913,P43124,0.92,0.75,87.5,77.0,0.73,0.95,0.83,0.83,82.25
0468,P38624,P25043,0.96,0.72,71.8,89.2,0.94,0.61,0.83,0.76,80.5
0910,Q05027,P53040,0.74,0.94,85.1,83.3,0.86,0.94,0.83,0.9,84.2
0778,P54999,P57743,0.82,0.84,94.2,84.9,0.91,0.98,0.83,0.94,89.55
0333,P33203,Q07508,0.96,0.71,79.5,84.7,0.81,0.32,0.83,0.51,82.1
0904,Q04868,Q02884,0.92,0.74,92.0,94.8,0.57,0.38,0.83,0.47,93.4
0802,Q02260,P40018,0.84,0.83,83.8,89.9,0.85,0.87,0.83,0.86,86.85
0317,P32899,P40055,0.83,0.84,84.0,93.0,0.72,0.53,0.83,0.62,88.5
0456,P38316,A6ZWA5,0.86,0.81,77.6,86.1,0.76,0.52,0.83,0.63,81.85
0684,P52490,P53152,0.7,0.99,93.3,90.0,0.09,0.93,0.83,0.29,91.65
0311,P32836,Q06142,0.81,0.85,73.4,85.3,0.15,0.45,0.83,0.26,79.35
0937,Q06344,P53743,0.75,0.91,79.0,90.5,0.69,0.82,0.83,0.75,84.75
0450,P38293,P30656,0.74,0.92,76.5,77.2,0.78,0.83,0.83,0.8,76.85
0046,P02400,P05318,0.93,0.74,76.4,78.4,0.86,0.86,0.83,0.86,77.4
1026,Q12165,P21306,0.89,0.78,88.3,81.2,0.93,0.91,0.83,0.92,84.75
0595,P41896,P41895,0.84,0.82,82.0,84.8,0.75,0.85,0.83,0.8,83.4
0399,P36146,Q07845,0.9,0.78,81.6,87.5,0.59,0.41,0.84,0.49,84.55
0962,Q07914,P42949,0.82,0.87,85.2,90.4,0.9,0.83,0.84,0.86,87.8
0038,P00420,P00401,0.89,0.79,94.4,91.9,0.72,0.16,0.84,0.34,93.15
0172,P20436,P22139,0.96,0.74,81.2,87.7,0.29,0.44,0.84,0.36,84.45
0745,P53742,P36160,0.73,0.97,81.1,68.6,0.43,0.89,0.84,0.62,74.85
0518,P39517,P39998,0.8,0.89,84.9,69.8,0.15,0.78,0.84,0.34,77.35
0160,P18852,P18851,0.79,0.89,92.7,93.5,0.77,0.68,0.84,0.72,93.1
0921,Q06096,P53271,0.93,0.76,80.8,79.2,0.78,0.73,0.84,0.75,80.0
0796,Q02159,P38428,0.72,0.98,95.2,89.8,0.24,0.96,0.84,0.48,92.5
1072,Q12488,Q12146,0.84,0.84,91.0,88.9,0.79,0.9,0.84,0.84,89.95
0922,Q06103,P40016,0.87,0.81,86.7,84.7,0.45,0.52,0.84,0.48,85.7
0713,P53248,P35056,0.72,0.99,83.4,53.6,0.18,0.61,0.84,0.33,68.5
0330,P32915,P14906,0.75,0.94,74.9,75.0,0.1,0.89,0.84,0.3,74.95
0331,P32939,P53129,0.98,0.72,70.4,84.1,0.77,0.34,0.84,0.51,77.25
1030,Q12216,P50623,0.95,0.75,85.2,89.8,0.78,0.03,0.84,0.15,87.5
0351,P33759,P53292,0.88,0.81,88.0,83.5,0.85,0.93,0.84,0.89,85.75
0546,P40088,P43561,0.72,0.97,82.9,78.7,0.13,0.61,0.84,0.28,80.8
0281,P32494,P25554,0.74,0.96,85.5,84.1,0.95,0.88,0.84,0.91,84.8
0547,P40089,P40204,0.82,0.86,87.3,92.0,0.93,0.83,0.84,0.88,89.65
0276,P32387,P36516,0.81,0.88,79.4,71.5,0.77,0.69,0.84,0.73,75.45
0725,P53290,Q02205,0.89,0.79,81.3,77.0,0.63,0.92,0.84,0.76,79.15
0369,P35181,Q12028,0.75,0.94,88.5,92.0,0.36,0.79,0.84,0.53,90.25
0063,P05750,P41057,0.85,0.83,89.3,86.7,0.79,0.81,0.84,0.8,88.0
0858,Q03435,Q12345,0.95,0.74,88.5,84.0,0.89,0.92,0.84,0.9,86.25
0720,P53271,P40094,0.72,0.99,72.1,73.6,0.69,0.94,0.84,0.81,72.85
0918,Q06063,Q02872,0.77,0.93,94.4,83.8,0.27,0.64,0.85,0.42,89.1
0152,P17558,P21771,0.76,0.96,76.7,88.3,0.88,0.76,0.85,0.82,82.5
0204,P23724,P25043,0.89,0.82,90.0,89.1,0.54,0.76,0.85,0.64,89.55
0176,P20606,P15303,0.82,0.89,88.7,88.4,0.11,0.39,0.85,0.21,88.55
0768,P53959,P53195,0.94,0.76,66.1,60.9,0.9,0.82,0.85,0.86,63.5
0173,P20457,P38121,0.91,0.79,63.2,88.2,0.59,0.43,0.85,0.5,75.7
0005,A6ZMR2,P33336,0.85,0.86,86.9,82.3,0.7,0.63,0.85,0.66,84.6
0156,P17890,A6ZX64,0.91,0.8,76.1,90.6,0.9,0.53,0.85,0.69,83.35
1101,Q99216,Q08444,0.77,0.93,90.8,75.6,0.45,0.84,0.85,0.61,83.2
0453,P38304,P32569,0.84,0.87,87.7,90.0,0.93,0.9,0.85,0.91,88.85
0751,P53853,Q07794,0.76,0.94,78.1,86.5,0.47,0.69,0.85,0.57,82.3
0354,P33759,Q03976,0.95,0.76,81.6,85.8,0.96,0.83,0.85,0.89,83.7
0097,P0CX24,P26784,0.82,0.89,79.0,93.3,0.53,0.82,0.85,0.66,86.15
0377,P36000,Q00776,0.84,0.87,85.3,79.0,0.57,0.43,0.85,0.5,82.15
0885,Q04338,P32854,0.9,0.8,87.3,87.8,0.93,0.67,0.85,0.79,87.55
0466,P38439,P38351,0.79,0.91,80.3,81.4,0.83,0.85,0.85,0.84,80.85
0621,P46963,P46962,0.93,0.78,88.6,93.5,0.89,0.33,0.85,0.54,91.05
0895,Q04493,P52553,0.74,0.98,95.0,94.5,0.67,0.88,0.85,0.77,94.75
0896,Q04493,P53900,0.86,0.84,88.1,86.9,0.83,0.89,0.85,0.86,87.5
0392,P36116,P39904,0.8,0.91,69.7,74.8,0.9,0.81,0.85,0.85,72.25
0086,P08525,P07143,0.75,0.97,83.6,82.2,0.81,0.77,0.85,0.79,82.9
0434,P38165,P32607,0.74,0.97,92.2,91.1,0.88,0.91,0.85,0.89,91.65
0557,P40359,Q03406,0.96,0.76,82.0,86.9,0.87,0.78,0.85,0.82,84.45
0441,P38242,P53178,0.73,0.99,89.5,93.1,0.7,0.95,0.85,0.82,91.3
0072,P06780,P35688,0.77,0.94,79.3,78.6,0.28,0.51,0.85,0.38,78.95
0907,Q05021,P27929,0.8,0.91,89.5,94.2,0.96,0.62,0.85,0.77,91.85
0514,P39081,Q08685,0.85,0.85,89.8,94.9,0.8,0.35,0.85,0.53,92.35
0345,P33750,P40055,0.97,0.74,86.7,86.5,0.83,0.4,0.85,0.58,86.6
0095,P0CI39,P11972,0.94,0.77,42.5,74.6,0.9,0.18,0.85,0.4,58.55
0666,P48240,Q12149,0.73,0.99,75.0,52.8,0.55,0.95,0.85,0.72,63.9
0015,A6ZZ25,P40217,0.88,0.82,88.0,93.0,0.94,0.41,0.85,0.62,90.5
0843,Q03201,Q03976,0.86,0.84,84.8,92.8,0.91,0.84,0.85,0.87,88.8
1050,Q12366,P47069,0.82,0.88,78.9,73.8,0.17,0.77,0.85,0.36,76.35
0289,P32523,Q03654,0.88,0.82,87.7,74.4,0.63,0.92,0.85,0.76,81.05
0708,P53207,Q07508,0.82,0.89,77.8,89.2,0.87,0.67,0.85,0.76,83.5
0485,P38806,P43572,0.9,0.8,88.4,85.6,0.9,0.85,0.85,0.87,87.0
0024,E7LUC9,E7QDA1,0.84,0.86,90.0,92.1,0.94,0.96,0.85,0.95,91.05
0977,Q08278,P47822,0.85,0.85,89.8,88.4,0.94,0.93,0.85,0.93,89.1
0309,P32836,P11745,0.74,0.98,73.4,84.7,0.17,0.24,0.85,0.2,79.05
0686,P52871,P32915,0.89,0.81,72.1,76.4,0.83,0.13,0.85,0.33,74.25
0985,Q08723,P40016,0.75,0.97,89.7,83.0,0.92,0.86,0.85,0.89,86.35
0987,Q08723,Q12250,0.75,0.99,76.7,75.5,0.73,0.74,0.86,0.73,76.1
0930,Q06217,P54999,0.9,0.83,94.0,94.3,0.94,0.94,0.86,0.94,94.15
0860,Q03503,Q02197,0.86,0.86,90.8,88.7,0.39,0.51,0.86,0.45,89.75
1017,Q12128,P06780,0.79,0.94,85.7,76.0,0.57,0.12,0.86,0.26,80.85
0952,Q06819,P19735,0.8,0.93,89.4,70.8,0.16,0.73,0.86,0.34,80.1
0954,Q06834,P15731,0.91,0.82,82.3,88.3,0.77,0.06,0.86,0.21,85.3
0926,Q06163,Q03096,0.76,0.98,91.9,85.8,0.14,0.64,0.86,0.3,88.85
0900,Q04675,P39707,0.94,0.78,87.2,92.3,0.83,0.77,0.86,0.8,89.75
0972,Q08162,Q12277,0.89,0.84,77.6,86.7,0.26,0.67,0.86,0.42,82.15
0815,Q02767,P25604,0.98,0.75,84.6,88.7,0.8,0.85,0.86,0.82,86.65
0898,Q04603,P40366,0.94,0.79,94.1,92.6,0.92,0.93,0.86,0.92,93.35
0935,Q06339,Q12308,0.78,0.95,86.3,82.9,0.21,0.38,0.86,0.28,84.6
0887,Q04338,Q03322,0.89,0.83,90.9,88.5,0.93,0.85,0.86,0.89,89.7
1075,Q12514,P34909,0.81,0.91,82.0,62.1,0.88,0.91,0.86,0.89,72.05
0988,Q08746,P36160,0.89,0.83,90.4,90.4,0.88,0.61,0.86,0.73,90.4
0553,P40343,P38753,0.85,0.88,84.0,86.7,0.72,0.76,0.86,0.74,85.35
0256,P29453,O14455,0.79,0.93,92.3,90.3,0.7,0.94,0.86,0.81,91.3
0660,P47821,P39073,0.75,0.99,90.9,84.1,0.28,0.83,0.86,0.48,87.5
0658,P47172,Q06224,0.92,0.81,67.2,63.7,0.73,0.6,0.86,0.66,65.45
0655,P47160,P38817,0.84,0.89,86.5,49.3,0.64,0.47,0.86,0.55,67.9
0654,P47158,Q12425,0.9,0.82,78.0,73.2,0.34,0.37,0.86,0.35,75.6
0731,P53330,Q05123,0.89,0.84,73.5,91.6,0.94,0.42,0.86,0.63,82.55
0614,P46672,P00958,0.78,0.95,87.6,88.9,0.33,0.65,0.86,0.46,88.25
0605,P43588,Q12250,0.78,0.95,78.4,82.0,0.7,0.77,0.86,0.73,80.2
0165,P19263,Q06213,0.9,0.83,87.6,88.4,0.93,0.97,0.86,0.95,88.0
0574,P40546,Q12220,0.94,0.78,69.7,89.0,0.96,0.1,0.86,0.31,79.35
0738,P53719,P53297,0.84,0.88,74.2,87.3,0.95,0.96,0.86,0.95,80.75
0099,P0CX24,Q02753,0.76,0.98,93.5,88.6,0.68,0.98,0.86,0.82,91.05
0490,P38829,P40469,0.8,0.92,71.2,88.6,0.46,0.45,0.86,0.45,79.9
0475,P38782,P32569,0.82,0.91,84.2,83.1,0.75,0.92,0.86,0.83,83.65
0669,P48565,Q99234,0.91,0.82,82.3,80.9,0.65,0.64,0.86,0.64,81.6
0472,P38701,P41057,0.74,0.99,89.1,89.8,0.78,0.92,0.86,0.85,89.45
0071,P06780,P17121,0.82,0.9,79.3,85.0,0.04,0.55,0.86,0.15,82.15
0787,Q00723,Q12368,0.91,0.81,81.8,86.9,0.62,0.79,0.86,0.7,84.35
0277,P32387,Q02204,0.74,0.99,89.8,87.9,0.77,0.97,0.86,0.86,88.85
0764,P53930,P53201,0.9,0.82,88.4,85.9,0.71,0.95,0.86,0.82,87.15
0133,P14693,P50110,0.82,0.9,84.3,84.8,0.65,0.65,0.86,0.65,84.55
0772,P54780,P29453,0.9,0.83,90.5,93.7,0.64,0.68,0.86,0.66,92.1
0323,P32905,Q3E754,0.84,0.89,90.2,89.9,0.6,0.71,0.86,0.65,90.05
0790,Q01590,P22213,0.86,0.87,71.1,82.2,0.86,0.2,0.86,0.41,76.65
0659,P47821,P06242,0.77,0.99,86.6,83.5,0.49,0.76,0.87,0.61,85.05
0242,P26798,P13902,0.88,0.87,88.8,95.7,0.93,0.81,0.87,0.87,92.25
0872,Q03761,Q12060,0.87,0.87,77.9,73.4,0.82,0.92,0.87,0.87,75.65
0155,P17558,Q03799,0.85,0.89,81.0,92.0,0.94,0.66,0.87,0.79,86.5
0292,P32524,Q07350,0.88,0.86,84.8,87.4,0.9,0.83,0.87,0.86,86.1
1034,Q12255,P32912,0.83,0.91,77.6,76.6,0.76,0.97,0.87,0.86,77.1
0211,P25296,P14747,0.78,0.97,86.2,81.2,0.64,0.92,0.87,0.77,83.7
0631,P47006,Q01080,0.81,0.93,77.3,83.5,0.89,0.89,0.87,0.89,80.4
0986,Q08723,Q04062,0.79,0.95,71.8,77.7,0.67,0.82,0.87,0.74,74.75
0420,P36528,Q06678,0.77,0.98,84.2,77.4,0.77,0.96,0.87,0.86,80.8
0407,P36519,P12687,0.88,0.86,54.7,73.1,0.94,0.82,0.87,0.88,63.9
0984,Q08689,P12945,0.92,0.83,92.3,94.7,0.11,0.16,0.87,0.13,93.5
0516,P39516,P39939,0.85,0.9,81.4,87.3,0.37,0.83,0.87,0.55,84.35
0923,Q06103,Q08723,1.0,0.76,81.8,87.7,0.95,0.95,0.87,0.95,84.75
0343,P33441,O13539,0.96,0.79,85.1,86.5,0.96,0.89,0.87,0.92,85.8
1049,Q12348,P40512,0.99,0.77,65.0,83.5,0.9,0.41,0.87,0.61,74.25
0121,P12695,P32473,0.89,0.85,70.3,92.0,0.79,0.43,0.87,0.58,81.15
0942,Q06411,P52868,0.79,0.95,83.6,80.7,0.54,0.84,0.87,0.67,82.15
0943,Q06511,P20484,0.8,0.95,83.2,83.5,0.84,0.59,0.87,0.7,83.35
0111,P10363,P20457,0.98,0.77,96.0,94.8,0.08,0.14,0.87,0.11,95.4
0613,P46671,P43592,0.9,0.84,82.4,80.5,0.96,0.92,0.87,0.94,81.45
0105,P0CX50,P10664,0.92,0.83,94.0,90.9,0.51,0.77,0.87,0.63,92.45
0214,P25301,P38953,0.95,0.79,82.8,72.2,0.73,0.47,0.87,0.59,77.5
1027,Q12165,P38077,0.86,0.89,93.3,91.1,0.9,0.86,0.87,0.88,92.2
0729,P53306,Q06541,0.93,0.81,92.8,90.0,0.77,0.49,0.87,0.61,91.4
0798,Q02199,P48837,0.86,0.88,79.4,79.0,0.93,0.95,0.87,0.94,79.2
0692,P53079,P53951,0.84,0.9,56.3,87.0,0.96,0.94,0.87,0.95,71.65
0835,Q03063,Q03373,0.95,0.79,74.0,83.6,0.87,0.87,0.87,0.87,78.8
0743,P53738,P49957,0.98,0.77,95.3,97.1,0.86,0.18,0.87,0.39,96.2
0795,Q01852,Q02776,0.77,0.99,85.6,56.2,0.3,0.82,0.87,0.5,70.9
0524,P39731,P47149,0.83,0.94,87.6,87.1,0.93,0.96,0.88,0.94,87.35
0752,P53859,P25359,0.95,0.82,59.6,73.1,0.69,0.76,0.88,0.72,66.35
0886,Q04338,P32912,0.87,0.9,89.3,83.2,0.91,0.84,0.88,0.87,86.25
0435,P38180,P32770,0.97,0.79,74.9,83.0,0.9,0.47,0.88,0.65,78.95
0083,P08067,C8ZF59,0.83,0.93,92.4,91.5,0.2,0.86,0.88,0.41,91.95
0371,P35184,P41805,0.92,0.85,84.6,71.9,0.66,0.17,0.88,0.33,78.25
0767,P53951,Q04632,0.91,0.85,84.1,74.3,0.93,0.9,0.88,0.91,79.2
0609,P45976,Q06224,0.93,0.83,55.6,84.8,0.83,0.65,0.88,0.73,70.2
0219,P25385,Q01590,0.93,0.83,87.6,89.4,0.93,0.89,0.88,0.91,88.5
0562,P40492,P40208,0.84,0.92,80.4,80.1,0.86,0.7,0.88,0.78,80.25
1095,Q6Q560,P25374,0.86,0.91,92.1,84.9,0.66,0.81,0.88,0.73,88.5
0374,P35200,O60200,0.79,0.97,92.0,88.9,0.71,0.88,0.88,0.79,90.45
0893,Q04493,P46988,0.92,0.84,90.2,85.2,0.95,0.88,0.88,0.91,87.7
0396,P36131,Q03954,0.94,0.82,69.7,73.3,0.95,0.95,0.88,0.95,71.5
0206,P23724,P30656,0.82,0.95,88.8,79.8,0.66,0.89,0.88,0.77,84.3
0513,P39079,P47079,0.85,0.92,85.7,82.8,0.51,0.63,0.88,0.57,84.25
0690,P53079,P40094,0.83,0.94,70.9,77.3,0.86,0.8,0.88,0.83,74.1
0159,P18851,P08539,0.8,0.96,86.8,69.0,0.53,0.44,0.88,0.48,77.9
0495,P38879,Q02642,0.83,0.93,85.6,84.5,0.89,0.92,0.88,0.9,85.05
0701,P53146,Q12745,0.81,0.95,87.1,88.3,0.81,0.65,0.88,0.73,87.7
1082,Q12690,Q08235,0.99,0.78,73.8,94.0,0.98,0.39,0.88,0.62,83.9
0995,Q08962,P40991,0.97,0.8,87.1,90.5,0.81,0.49,0.88,0.63,88.8
0169,P20053,Q03338,0.9,0.86,87.4,80.6,0.58,0.55,0.88,0.56,84.0
0291,P32524,P19736,0.79,0.97,86.1,84.9,0.83,0.73,0.88,0.78,85.5
1097,Q92317,P40096,0.83,0.93,91.1,91.5,0.93,0.94,0.88,0.93,91.3
1015,Q12124,P40356,0.86,0.91,74.3,68.7,0.86,0.92,0.88,0.89,71.5
0511,P39077,P39079,0.9,0.87,79.9,77.6,0.61,0.66,0.88,0.63,78.75
0320,P32905,P14127,0.94,0.83,91.0,83.5,0.51,0.83,0.88,0.65,87.25
0093,P0C0W9,P26321,0.89,0.88,74.0,77.7,0.57,0.69,0.88,0.63,75.85
0531,P39937,P09733,0.89,0.9,78.2,66.7,0.43,0.06,0.89,0.16,72.45
0758,P53881,P36516,0.9,0.89,74.5,61.5,0.78,0.68,0.89,0.73,68.0
0085,P08067,Q03429,0.87,0.92,80.7,81.0,0.7,0.81,0.89,0.75,80.85
1057,Q12417,Q12309,0.89,0.89,61.0,83.2,0.82,0.55,0.89,0.67,72.1
1061,Q12433,P25649,0.86,0.93,90.4,86.0,0.88,0.92,0.89,0.9,88.2
0479,P38786,P38336,0.91,0.88,73.5,84.9,0.74,0.67,0.89,0.7,79.2
0477,P38786,P28005,0.82,0.96,94.1,86.7,0.5,0.89,0.89,0.67,90.4
0179,P21374,Q04048,0.96,0.82,75.1,78.9,0.93,0.53,0.89,0.7,77.0
1054,Q12403,P54837,0.91,0.88,80.5,84.8,0.89,0.9,0.89,0.89,82.65
0517,P39516,Q12055,0.86,0.92,88.8,95.0,0.19,0.33,0.89,0.25,91.9
0824,Q02821,P32499,0.83,0.96,88.5,60.0,0.36,0.91,0.89,0.57,74.25
0487,P38827,P38337,0.8,0.98,84.3,83.4,0.83,0.9,0.89,0.86,83.85
0074,P06782,P12904,0.88,0.91,65.9,87.9,0.73,0.76,0.89,0.74,76.9
0709,P53218,P38291,0.93,0.86,96.7,96.0,0.45,0.32,0.89,0.38,96.35
0153,P17558,P28778,0.86,0.92,78.8,91.7,0.89,0.6,0.89,0.73,85.25
0336,P33300,P35206,0.84,0.95,87.5,87.4,0.51,0.46,0.89,0.48,87.45
0996,Q08963,P21374,0.89,0.9,74.1,77.6,0.89,0.91,0.89,0.9,75.85
0726,P53298,P38313,0.92,0.86,83.5,82.5,0.92,0.92,0.89,0.92,83.0
0629,P46988,P48363,0.87,0.92,84.0,84.0,0.9,0.93,0.89,0.91,84.0
0766,P53951,P53959,0.8,0.98,83.0,68.3,0.74,0.9,0.89,0.82,75.65
0006,A6ZMR6,P28795,0.98,0.8,51.3,77.1,0.93,0.39,0.89,0.6,64.2
0617,P46959,P41814,0.88,0.9,90.8,86.1,0.76,0.55,0.89,0.65,88.45
1085,Q3E7A4,P38958,0.91,0.88,86.1,85.0,0.76,0.94,0.89,0.85,85.55
0616,P46948,Q12277,0.87,0.92,88.5,92.0,0.7,0.76,0.89,0.73,90.25
0970,Q08144,Q04338,0.87,0.91,87.5,90.6,0.89,0.93,0.89,0.91,89.05
0362,P34239,P53237,0.94,0.84,83.1,90.3,0.7,0.44,0.89,0.55,86.7
1073,Q12495,Q04199,0.88,0.91,82.5,86.2,0.92,0.32,0.89,0.54,84.35
0963,Q07915,Q02892,0.84,0.94,87.8,83.1,0.67,0.86,0.89,0.76,85.45
0588,P41733,Q04080,0.87,0.92,90.6,84.8,0.33,0.74,0.89,0.49,87.7
0240,P26784,P38754,0.93,0.86,88.7,89.7,0.86,0.81,0.89,0.83,89.2
0148,P16387,P32473,0.95,0.85,95.6,97.0,0.87,0.36,0.9,0.56,96.3
0997,Q12000,P39729,0.97,0.83,69.9,85.4,0.94,0.12,0.9,0.34,77.65
0116,P11914,P10507,0.87,0.93,84.3,86.0,0.33,0.61,0.9,0.45,85.15
0009,A6ZPJ1,P40217,0.95,0.85,87.1,87.1,0.86,0.31,0.9,0.52,87.1
0324,P32910,A6ZX64,0.88,0.93,77.4,83.4,0.63,0.54,0.9,0.58,80.4
1053,Q12387,Q06504,0.96,0.84,92.8,91.9,0.38,0.36,0.9,0.37,92.35
0447,P38285,P38987,0.89,0.92,82.5,89.0,0.75,0.78,0.9,0.76,85.75
0436,P38182,A6ZT79,0.92,0.89,80.1,76.2,0.84,0.67,0.9,0.75,78.15
0313,P32867,P40357,0.89,0.91,88.9,84.6,0.84,0.93,0.9,0.88,86.75
0020,B3LNX6,P47019,0.92,0.88,86.8,61.6,0.95,0.87,0.9,0.91,74.2
0857,Q03435,P40060,0.98,0.83,88.3,92.6,0.96,0.94,0.9,0.95,90.45
0615,P46948,Q05636,0.85,0.96,91.0,86.6,0.65,0.79,0.9,0.72,88.8
0685,P52491,Q12395,0.9,0.9,75.5,89.3,0.09,0.73,0.9,0.26,82.4
0045,P00899,P00937,0.91,0.89,91.4,87.2,0.3,0.38,0.9,0.34,89.3
0707,P53202,Q08273,0.96,0.84,83.2,80.5,0.72,0.68,0.9,0.7,81.85
0027,O13563,P32565,0.82,0.98,82.3,79.3,0.6,0.79,0.9,0.69,80.8
0078,P07260,A6ZPB3,0.88,0.92,86.5,85.3,0.44,0.95,0.9,0.65,85.9
0194,P22336,P26754,0.88,0.93,88.8,75.3,0.37,0.58,0.9,0.46,82.05
0881,Q04226,P11747,0.96,0.85,78.3,73.6,0.93,0.83,0.9,0.88,75.95
1074,Q12514,P06100,0.87,0.94,87.4,82.0,0.93,0.81,0.9,0.87,84.7
0606,P43588,Q12377,0.83,0.97,88.3,86.0,0.83,0.69,0.9,0.76,87.15
0254,P29340,P39718,0.92,0.88,96.4,95.2,0.68,0.53,0.9,0.6,95.8
0561,P40491,P22135,0.85,0.96,87.6,89.5,0.84,0.66,0.9,0.74,88.55
0545,P40079,Q06631,0.97,0.84,89.3,90.0,0.91,0.91,0.9,0.91,89.65
0538,P40056,P53192,0.91,0.89,81.8,83.1,0.83,0.75,0.9,0.79,82.45
0496,P38882,Q04305,0.9,0.9,83.6,88.9,0.69,0.61,0.9,0.65,86.25
0221,P25451,P22141,0.98,0.83,94.9,95.6,0.55,0.19,0.9,0.32,95.25
0512,P39077,P40413,0.83,0.97,64.2,74.8,0.63,0.82,0.9,0.72,69.5
0090,P09457,P05626,0.97,0.84,80.4,83.8,0.96,0.93,0.9,0.94,82.1
0521,P39706,P43132,0.98,0.84,81.0,85.4,0.79,0.37,0.91,0.54,83.2
0338,P33322,P28007,0.84,0.98,94.0,89.0,0.54,0.91,0.91,0.7,91.5
0137,P15624,P15625,0.98,0.84,93.3,92.8,0.82,0.5,0.91,0.64,93.05
0138,P15646,A6ZUA1,0.82,1.0,87.2,74.3,0.21,0.82,0.91,0.41,80.75
0848,Q03290,P37366,0.91,0.91,79.4,86.9,0.83,0.77,0.91,0.8,83.15
0308,P32833,P50874,0.91,0.92,79.6,82.8,0.78,0.52,0.91,0.64,81.2
0192,P22203,P48836,0.88,0.94,90.6,87.2,0.84,0.86,0.91,0.85,88.9
0833,Q03020,P25374,0.96,0.87,88.9,74.9,0.67,0.83,0.91,0.75,81.9
0634,P47019,Q03862,0.89,0.94,78.4,87.3,0.97,0.27,0.91,0.51,82.85
0302,P32613,Q03660,0.87,0.96,87.5,89.7,0.65,0.69,0.91,0.67,88.6
0301,P32610,P39111,0.84,0.99,88.7,87.2,0.8,0.94,0.91,0.87,87.95
0867,Q03718,P40026,0.89,0.94,87.4,76.3,0.19,0.83,0.91,0.4,81.85
0198,P22354,P40858,0.9,0.92,78.1,92.1,0.96,0.9,0.91,0.93,85.1
0051,P04912,P02294,0.89,0.93,97.7,97.4,0.94,0.92,0.91,0.93,97.55
0261,P29478,P20424,0.96,0.86,78.1,82.6,0.91,0.32,0.91,0.54,80.35
1078,Q12690,P02406,0.99,0.84,82.6,86.4,0.94,0.72,0.91,0.82,84.5
0628,P46988,P40005,0.99,0.84,92.5,91.4,0.98,0.82,0.91,0.9,91.95
0482,P38801,Q12149,0.86,0.97,88.7,84.2,0.88,0.91,0.91,0.89,86.45
0566,P40496,P40033,0.93,0.9,91.9,85.4,0.99,0.83,0.91,0.91,88.65
0765,P53951,P53195,0.96,0.87,78.9,76.2,0.92,0.96,0.91,0.94,77.55
0232,P25626,P35996,0.83,0.99,94.5,92.1,0.62,0.83,0.91,0.72,93.3
0627,P46984,Q3E833,0.95,0.88,93.7,93.9,0.92,0.88,0.91,0.9,93.8
0734,P53437,P38204,0.86,0.96,85.2,86.6,0.95,0.9,0.91,0.92,85.9
0737,P53600,P32074,0.89,0.93,89.3,87.6,0.41,0.66,0.91,0.52,88.45
0582,P40958,P47074,0.9,0.93,90.8,79.0,0.56,0.9,0.91,0.71,84.9
0081,P07347,P12945,0.94,0.89,83.4,93.1,0.68,0.41,0.91,0.53,88.25
0735,P53538,Q01329,0.98,0.84,93.1,90.7,0.7,0.59,0.91,0.64,91.9
0763,P53900,P52553,0.97,0.85,90.5,89.4,0.96,0.72,0.91,0.83,89.95
0945,Q06551,P41912,0.88,0.95,88.8,88.1,0.61,0.82,0.91,0.71,88.45
0670,P48566,P07560,0.92,0.92,81.3,59.5,0.42,0.62,0.92,0.51,70.4
0415,P36523,P36516,0.96,0.88,87.1,92.7,0.82,0.63,0.92,0.72,89.9
0274,P32342,P38985,0.9,0.95,89.1,89.4,0.83,0.9,0.92,0.86,89.25
0471,P38687,P38688,0.97,0.87,83.7,87.1,0.77,0.68,0.92,0.72,85.4
1039,Q12306,Q04195,0.87,0.98,90.9,56.8,0.7,0.98,0.92,0.83,73.85
0161,P19073,Q12434,0.87,0.97,81.5,81.4,0.27,0.82,0.92,0.47,81.45
0023,C8Z779,A6ZVS1,0.95,0.89,82.3,86.5,0.96,0.99,0.92,0.97,84.4
0813,Q02753,P05737,0.9,0.95,91.2,94.1,0.91,0.62,0.92,0.75,92.65
0092,P0C074,P49955,0.88,0.96,82.3,80.0,0.86,0.67,0.92,0.76,81.15
0073,P06780,Q12434,0.93,0.92,79.8,87.8,0.27,0.82,0.92,0.47,83.8
0964,Q07951,Q12245,0.89,0.95,93.4,91.7,0.6,0.86,0.92,0.72,92.55
0644,P47141,P32902,0.96,0.88,83.9,80.8,0.76,0.93,0.92,0.84,82.35
0755,P53861,Q03071,0.91,0.93,93.3,93.3,0.9,0.76,0.92,0.83,93.3
0162,P19073,Q12469,0.87,0.98,79.2,67.5,0.45,0.6,0.92,0.52,73.35
0939,Q06410,P38316,0.91,0.94,92.4,78.5,0.92,0.88,0.92,0.9,85.45
0019,B3LNX6,A6ZTX8,0.98,0.87,92.2,92.3,0.89,0.5,0.92,0.67,92.25
0195,P22336,P26755,0.94,0.93,84.7,86.4,0.43,0.86,0.93,0.61,85.55
1010,Q12052,P40342,0.97,0.89,91.8,82.6,0.8,0.87,0.93,0.83,87.2
1028,Q12186,P36084,0.94,0.92,83.2,85.0,0.63,0.66,0.93,0.64,84.1
0243,P27344,Q04603,0.93,0.94,83.3,88.1,0.89,0.9,0.93,0.89,85.7
0237,P26755,P26754,0.96,0.9,92.5,94.1,0.73,0.79,0.93,0.76,93.3
0809,Q02574,P48581,0.92,0.94,89.1,84.7,0.81,0.87,0.93,0.84,86.9
1001,Q12009,B5VG60,0.97,0.89,88.7,87.4,0.37,0.38,0.93,0.37,88.05
1104,Q99278,P32570,0.95,0.92,79.7,80.1,0.91,0.91,0.93,0.91,79.9
1102,Q99257,P34232,0.96,0.91,95.4,94.0,0.79,0.57,0.93,0.67,94.7
0838,Q03067,Q6WNK7,0.88,0.99,93.8,92.1,0.9,0.97,0.93,0.93,92.95
0736,P53598,P53312,0.92,0.94,81.5,81.2,0.54,0.39,0.93,0.46,81.35
1094,Q3E840,P42935,0.95,0.91,65.1,52.5,0.41,0.27,0.93,0.33,58.8
0851,Q03337,P36149,0.96,0.9,84.6,93.2,0.88,0.77,0.93,0.82,88.9
0641,P47122,Q06543,0.91,0.95,80.4,78.1,0.8,0.76,0.93,0.78,79.25
0880,Q04177,Q04305,0.96,0.91,79.8,85.2,0.74,0.51,0.93,0.61,82.5
0079,P07260,P39936,0.9,0.96,88.8,80.3,0.36,0.94,0.93,0.58,84.55
0257,P29453,P04456,0.98,0.88,89.6,88.2,0.97,0.93,0.93,0.95,88.9
0563,P40492,Q12508,0.9,0.97,88.0,88.8,0.7,0.9,0.93,0.79,88.4
0916,Q05778,P36040,0.95,0.91,82.5,88.7,0.78,0.22,0.93,0.41,85.6
1063,Q12447,P39966,0.94,0.93,89.2,87.4,0.61,0.68,0.93,0.64,88.3
0110,P10355,P10834,0.95,0.91,89.1,81.1,0.4,0.58,0.93,0.48,85.1
0360,P34162,P32585,0.98,0.88,90.7,88.1,0.92,0.7,0.93,0.8,89.4
0347,P33754,P39742,0.94,0.93,91.1,89.0,0.94,0.86,0.93,0.9,90.05
0307,P32807,Q04437,0.91,0.95,89.1,89.1,0.75,0.83,0.93,0.79,89.1
0994,Q08949,Q02574,0.93,0.94,71.9,77.1,0.73,0.87,0.93,0.8,74.5
1000,Q12004,Q04673,0.93,0.94,85.3,84.0,0.87,0.72,0.93,0.79,84.65
0908,Q05027,P11747,0.9,0.97,84.8,74.2,0.97,0.97,0.93,0.97,79.5
0174,P20459,P32481,0.97,0.89,79.7,86.1,0.66,0.17,0.93,0.33,82.9
0082,P07390,P10834,0.95,0.93,69.2,71.6,0.81,0.57,0.94,0.68,70.4
1066,Q12483,Q06696,0.95,0.93,75.4,77.5,0.84,0.77,0.94,0.8,76.45
0106,P0CX52,P26783,0.93,0.96,90.7,82.5,0.63,0.83,0.94,0.72,86.6
1089,Q3E7C1,Q02939,0.99,0.89,81.9,87.8,0.84,0.71,0.94,0.77,84.85
0402,P36149,Q99394,0.9,0.98,94.9,86.7,0.76,0.88,0.94,0.82,90.8
0509,P39076,P39077,0.92,0.97,73.0,79.8,0.75,0.74,0.94,0.74,76.4
0526,P39743,P25343,0.97,0.92,92.9,92.8,0.89,0.8,0.94,0.84,92.85
0915,Q05776,O60200,0.9,0.98,94.3,84.6,0.71,0.93,0.94,0.81,89.45
0949,Q06675,Q02732,0.92,0.97,77.7,74.6,0.84,0.89,0.94,0.86,76.15
0705,P53187,P53102,0.95,0.94,87.0,90.7,0.86,0.89,0.94,0.87,88.85
0812,Q02685,P13099,0.95,0.93,74.1,90.0,0.65,0.37,0.94,0.49,82.05
0643,P47128,Q12311,0.98,0.91,83.8,87.2,0.94,0.9,0.94,0.92,85.5
0378,P36017,P39958,0.99,0.9,66.8,84.9,0.85,0.09,0.94,0.28,75.85
0376,P35718,P47076,0.92,0.97,93.9,90.7,0.58,0.9,0.94,0.72,92.3
0774,P54790,P32833,0.96,0.92,80.5,82.3,0.77,0.61,0.94,0.69,81.4
0340,P33328,P53314,0.92,0.97,87.8,89.9,0.98,0.77,0.94,0.87,88.85
0510,P39076,P39079,0.94,0.95,81.3,73.5,0.75,0.72,0.94,0.73,77.4
0747,P53833,P40571,0.94,0.96,84.2,87.6,0.71,0.95,0.95,0.82,85.9
0373,P35196,Q12063,0.94,0.96,88.3,77.6,0.74,0.8,0.95,0.77,82.95
0123,P12754,P32502,0.94,0.96,87.1,90.6,0.66,0.74,0.95,0.7,88.85
0530,P39927,Q01329,0.96,0.94,78.0,80.4,0.9,0.88,0.95,0.89,79.2
0070,P06243,P32325,0.95,0.95,87.1,81.9,0.62,0.91,0.95,0.75,84.5
0329,P32914,P27692,0.96,0.94,88.1,82.2,0.73,0.83,0.95,0.78,85.15
0068,P06242,P37366,0.98,0.93,90.3,94.5,0.63,0.63,0.95,0.63,92.4
0061,P05750,P38011,0.96,0.94,77.6,88.5,0.95,0.25,0.95,0.49,83.05
0706,P53193,Q03020,0.97,0.93,80.8,89.6,0.8,0.54,0.95,0.66,85.2
0224,P25559,P38877,0.98,0.92,87.3,84.9,0.85,0.9,0.95,0.87,86.1
0212,P25299,P25298,0.95,0.95,80.5,80.5,0.84,0.87,0.95,0.85,80.5
0876,Q04053,P47057,0.94,0.97,87.1,93.5,0.84,0.83,0.95,0.83,90.3
0671,P48606,P02557,0.97,0.95,90.6,87.3,0.73,0.67,0.96,0.7,88.95
0897,Q04599,P32388,0.97,0.96,93.9,93.0,0.75,0.95,0.96,0.84,93.45
0576,P40565,Q07930,0.93,1.0,90.8,81.6,0.87,0.84,0.96,0.85,86.2
0861,Q03557,P33893,0.97,0.95,93.2,91.3,0.94,0.74,0.96,0.83,92.25
0828,Q02948,P38270,0.95,0.97,88.6,87.8,0.93,0.96,0.96,0.94,88.2
0744,P53738,Q12463,0.93,0.99,93.3,92.7,0.7,0.84,0.96,0.77,93.0
0721,P53276,P38882,0.97,0.96,76.4,79.3,0.85,0.86,0.96,0.85,77.85
1092,Q3E835,Q3E829,0.97,0.96,94.4,92.7,0.96,0.91,0.96,0.93,93.55
0474,P38768,P25638,0.95,0.97,75.6,75.9,0.72,0.95,0.96,0.83,75.75
0008,A6ZPJ1,A6ZZ25,0.95,0.97,74.3,77.4,0.85,0.92,0.96,0.88,75.85
0437,P38182,P53867,0.94,0.99,83.1,54.7,0.77,0.89,0.96,0.83,68.9
0271,P31384,P39008,0.99,0.94,78.9,81.0,0.81,0.67,0.96,0.74,79.95
0115,P11747,P53040,0.95,0.98,73.9,78.8,0.95,0.9,0.96,0.92,76.35
0793,Q01662,P53729,0.93,0.99,85.4,64.5,0.31,0.83,0.96,0.51,74.95
0804,Q02354,P40055,0.98,0.94,86.9,68.9,0.79,0.66,0.96,0.72,77.9
0356,P33895,P40460,0.95,0.98,85.4,85.6,0.91,0.96,0.96,0.93,85.5
1043,Q12318,P40465,0.99,0.93,83.0,88.6,0.82,0.6,0.96,0.7,85.8
0127,P13434,Q02516,0.98,0.95,96.1,96.4,0.94,0.93,0.96,0.93,96.25
0128,P13517,P28495,0.94,0.98,89.5,89.4,0.73,0.78,0.96,0.75,89.45
0042,P00546,P24868,0.98,0.97,77.2,85.3,0.22,0.79,0.97,0.42,81.25
0233,P25627,P53738,0.96,0.98,96.5,96.2,0.57,0.8,0.97,0.68,96.35
0247,P28000,P16370,1.0,0.94,89.9,91.1,0.96,0.82,0.97,0.89,90.5
0304,P32773,P32774,0.98,0.96,92.0,94.5,0.95,0.9,0.97,0.92,93.25
0874,Q03957,P46962,0.98,0.97,81.8,85.5,0.8,0.86,0.97,0.83,83.65
0841,Q03144,P38340,0.99,0.95,75.0,80.6,0.8,0.23,0.97,0.43,77.8
0504,P38957,P38751,0.94,1.0,85.0,85.4,0.85,0.68,0.97,0.76,85.2
0883,Q04231,Q06665,0.96,0.98,82.7,88.8,0.74,0.95,0.97,0.84,85.75
0894,Q04493,P48363,0.97,0.98,93.7,92.4,0.87,0.91,0.97,0.89,93.05
0601,P43563,P53894,0.98,0.97,79.2,75.9,0.72,0.73,0.97,0.72,77.55
0188,P22133,P17505,0.97,0.98,91.8,92.9,0.66,0.82,0.97,0.74,92.35
0946,Q06624,P52488,0.98,0.97,92.1,87.2,0.81,0.75,0.97,0.78,89.65
0486,P38823,A6ZRW7,0.95,1.0,67.1,67.6,0.73,0.86,0.97,0.79,67.35
0773,P54780,Q12690,0.97,0.97,81.2,81.7,0.85,0.88,0.97,0.86,81.45
0724,P53290,Q00582,0.97,0.99,81.1,86.9,0.86,0.88,0.98,0.87,84.0
0200,P23179,A7A1L2,0.99,0.98,86.3,89.4,0.84,0.87,0.98,0.85,87.85
0866,Q03705,P53323,0.99,0.98,92.5,92.3,0.78,0.87,0.98,0.82,92.4
0656,P47167,Q12262,0.97,1.0,60.1,62.7,0.87,0.92,0.98,0.89,61.4
0550,P40202,P00445,0.98,0.99,77.8,88.6,0.7,0.81,0.98,0.75,83.2
0088,P09032,P32501,0.96,1.0,80.5,73.2,0.73,0.87,0.98,0.8,76.85
0470,P38636,P38995,0.99,0.98,86.8,85.9,0.91,0.75,0.98,0.83,86.35
0294,P32527,P38788,0.99,0.97,85.5,91.1,0.92,0.74,0.98,0.83,88.3
0280,P32489,P89114,0.98,0.98,87.4,85.7,0.95,0.94,0.98,0.94,86.55
0864,Q03630,Q03784,0.97,1.0,82.5,79.2,0.79,0.89,0.98,0.84,80.85
0328,P32913,Q92331,1.0,0.98,85.7,94.0,0.93,0.88,0.99,0.9,89.85
1106,Q9URQ3,P47058,0.99,0.99,92.4,92.6,0.84,0.89,0.99,0.86,92.5
0740,P53731,P33204,1.0,1.0,90.4,91.8,0.81,0.89,1.0,0.85,91.1
0499,P38907,P38265,1.0,1.0,84.2,89.9,0.95,0.81,1.0,0.88,87.05
